exchange,market_type,symbol_raw,leverage_max,price_usd,volume_24h_usd,open_interest_base,open_interest_usd,daily_snapshot
drift,CROSS,1KMEW-USD,4,2.48858,0.0,6.0,14.931479999999999,2025-10-11
drift,CROSS,1KWEN-USD,4,0.035257,0.0,460.0,16.21822,2025-10-11
drift,CROSS,1MBONK-USD,10,14.1776,16887588.555766,154225.7,2186550.28432,2025-10-11
drift,CROSS,1MPEPE-USD,4,6.9579,739120.877041,8295.0,57715.7805,2025-10-11
drift,CROSS,2Z-USD,5,0.272096,592748.499835,1244360.0,338585.37856,2025-10-11
drift,CROSS,ADA-USD,10,0.650981,1958074.362187,359298.0,233896.17133800001,2025-10-11
drift,CROSS,AI16Z-USD,4,0.082422,0.0,7299.0,601.598178,2025-10-11
drift,CROSS,APT-USD,10,3.91135,2743574.831442,69288.7,271012.356745,2025-10-11
drift,CROSS,ARB-USD,10,0.306922,230955.617124,266940.0,81929.75868,2025-10-11
drift,CROSS,ASTER-USD,10,1.358206,6797172.73501,822083.0,1116558.0630980001,2025-10-11
drift,CROSS,AVAX-USD,10,21.915891,7304570.17117,20830.9,456527.7338319,2025-10-11
drift,CROSS,BERA-USD,5,1.810734,1000658.925579,64434.1,116673.0156294,2025-10-11
drift,CROSS,BNB-USD,10,1136.422421,1652808.911633,601.04,683035.3319178399,2025-10-11
drift,CROSS,BREAKPOINT-USD,1,1e-06,0.0,0.0,0.0,2025-10-11
drift,CROSS,BTC-USD,101,112609.021834,142850439.684071,928.4657,104553614.28342009,2025-10-11
drift,CROSS,CLOUD-USD,2,0.12577,1445399.037985,1150672.0,144720.01744,2025-10-11
drift,CROSS,DBR-USD,2,0.024672,0.0,0.0,0.0,2025-10-11
drift,CROSS,DEMOCRATS-USD,1,1e-06,0.0,0.0,0.0,2025-10-11
drift,CROSS,DOGE-USD,10,0.194809,1681523.647576,5111018.0,995672.305562,2025-10-11
drift,CROSS,DRIFT-USD,5,0.571614,6503594.164838,5229602.0,2989313.717628,2025-10-11
drift,CROSS,DYM-USD,5,0.242627,0.0,547.0,132.716969,2025-10-11
drift,CROSS,ETH-USD,101,3816.069057,95082137.300185,15708.838,59946010.613225766,2025-10-11
drift,CROSS,FARTCOIN-USD,10,0.366033,8782186.175094,1809424.0,662308.894992,2025-10-11
drift,CROSS,FED-USD,1,0.999999,0.0,0.0,0.0,2025-10-11
drift,CROSS,FWOG-USD,4,0.030393,0.0,527945.0,16045.832385,2025-10-11
drift,CROSS,GOAT-USD,4,0.078436,5363.287611,60.0,4.706160000000001,2025-10-11
drift,CROSS,HNT-USD,5,2.152003,431783.742284,64531.0,138870.905593,2025-10-11
drift,CROSS,HYPE-USD,10,38.618556,19107051.230036,167256.5,6459204.5116139995,2025-10-11
drift,CROSS,INJ-USD,10,9.005944,2866588.994799,38501.0,346737.84994399996,2025-10-11
drift,CROSS,IO-USD,2,0.501698,0.0,20.0,10.03396,2025-10-11
drift,CROSS,IP-USD,5,4.74034,469689.942411,13837.1,65592.558614,2025-10-11
drift,CROSS,JTO-USD,10,1.083645,4779677.708459,419390.0,454469.87655,2025-10-11
drift,CROSS,JUP-USD,10,0.336671,7310011.992006,10830002.0,3646147.603342,2025-10-11
drift,CROSS,KAITO-USD,5,1.142732,311509.588924,49801.0,56909.19633200001,2025-10-11
drift,CROSS,KAMALA-USD,1,1e-06,0.0,0.0,0.0,2025-10-11
drift,CROSS,KMNO-USD,2,0.059526,764462.55479,7075544.0,421178.83214400004,2025-10-11
drift,CROSS,LANDO-USD,1,0.999999,0.0,0.0,0.0,2025-10-11
drift,CROSS,LAUNCHCOIN-USD,4,0.093197,795364.343448,1664750.0,155149.70575,2025-10-11
drift,CROSS,LINK-USD,10,17.58225,1620601.288077,34010.0,597972.3224999999,2025-10-11
drift,CROSS,LNDO-USD,1,1e-06,0.0,0.0,0.0,2025-10-11
drift,CROSS,LTC-USD,10,100.308098,2218497.879084,418.13,41941.82501674,2025-10-11
drift,CROSS,ME-USD,5,0.42101,38521.755271,56611.0,23833.79711,2025-10-11
drift,CROSS,MELANIA-USD,4,0.166519,0.0,0.0,0.0,2025-10-11
drift,CROSS,MICHI-USD,4,0.026661,0.0,272.0,7.251792,2025-10-11
drift,CROSS,MOODENG-USD,4,0.142865,0.0,51050.0,7293.25825,2025-10-11
drift,CROSS,MOTHER-USD,4,0.006176,1787.269023,2394784.0,14790.185984,2025-10-11
drift,CROSS,NBAFINALS25-USD,1,0.999999,0.0,29.0,28.999971,2025-10-11
drift,CROSS,NBAFINALS25-USD,1,1e-06,0.0,103.0,0.000103,2025-10-11
drift,CROSS,OP-USD,10,0.485146,708251.746265,41282.0,20027.797172000002,2025-10-11
drift,CROSS,PAXG-USD,10,3981.556582,4190759.039751,91.066,362584.43169641204,2025-10-11
drift,CROSS,PENGU-USD,5,0.023798,2801693.018713,16234338.0,386344.775724,2025-10-11
drift,CROSS,PNUT-USD,4,0.190529,0.0,226.0,43.059554,2025-10-11
drift,CROSS,POL-USD,10,0.192493,175342.175744,108247.0,20836.789771,2025-10-11
drift,CROSS,POPCAT-USD,4,0.155239,1036584.293012,2142500.0,332599.5575,2025-10-11
drift,CROSS,PUMP-USD,5,0.005072,356315.06264,0.0,0.0,2025-10-11
drift,CROSS,PYTH-USD,10,0.111454,404973.959738,3184482.0,354923.256828,2025-10-11
drift,CROSS,RAY-USD,5,2.037012,2321293.296307,233957.0,476573.216484,2025-10-11
drift,CROSS,RENDER-USD,10,2.473975,1168963.12118,92047.0,227721.976825,2025-10-11
drift,CROSS,REPUBLICAN-USD,1,0.999999,0.0,0.0,0.0,2025-10-11
drift,CROSS,RLB-USD,5,0.067019,0.0,500.0,33.509499999999996,2025-10-11
drift,CROSS,SEI-USD,10,0.220322,537875.285686,1035682.0,228183.52960399998,2025-10-11
drift,CROSS,SOL-USD,101,186.515917,333607678.450898,1878409.54,350353277.8546482,2025-10-11
drift,CROSS,SUI-USD,10,2.7297,16649778.563588,1229151.0,3355213.4847,2025-10-11
drift,CROSS,SUPERBOWL-USD,1,1e-06,0.0,0.0,0.0,2025-10-11
drift,CROSS,SUPERBOWL-USD,1,1e-06,0.0,0.0,0.0,2025-10-11
drift,CROSS,TAO-USD,5,293.968592,2216340.671717,1898.48,558093.49254016,2025-10-11
drift,CROSS,TIA-USD,10,0.963764,203925.604363,117810.0,113541.03684,2025-10-11
drift,CROSS,TNSR-USD,5,0.067324,261242.729402,622280.0,41894.37871999999,2025-10-11
drift,CROSS,TON-USD,10,2.100782,135278.941792,11408.0,23965.721056000002,2025-10-11
drift,CROSS,TRUMP-USD,1,0.999999,0.0,0.0,0.0,2025-10-11
drift,CROSS,TRUMP-USD,10,5.682934,9244697.886199,63561.2,361214.1045608,2025-10-11
drift,CROSS,VRSTPN-USD,1,0.999999,0.0,0.0,0.0,2025-10-11
drift,CROSS,W-USD,5,0.07584,344840.786242,1163389.0,88231.42176000001,2025-10-11
drift,CROSS,WARWICK-USD,1,1e-06,0.0,0.0,0.0,2025-10-11
drift,CROSS,WIF-USD,10,0.489084,10784356.751001,2565563.0,1254775.8142920001,2025-10-11
drift,CROSS,WLF-USD,1,0.999999,0.0,960.0,959.9990399999999,2025-10-11
drift,CROSS,XPL-USD,10,0.482867,2216031.870715,461870.0,223021.78128999998,2025-10-11
drift,CROSS,XRP-USD,20,2.419343,2981236.766697,498836.0,1206855.384748,2025-10-11
drift,CROSS,ZEX-USD,2,0.077934,0.0,14.0,1.0910760000000002,2025-10-11
dydx,CROSS,1INCH-USD,5,0.1345770308,135138.294,1406040.0,189220.688386032,2025-10-11
dydx,CROSS,2Z-USD,5,0.1915995799,26.512,12470.0,2389.2467613530002,2025-10-11
dydx,CROSS,AAVE-USD,10,135.6287515,277942.663,3243.6,439925.41836539994,2025-10-11
dydx,ISOLATED,ACX-USD,5,0.071066025,0.0,0.0,0.0,2025-10-11
dydx,CROSS,ADA-USD,10,0.3911603481,1269341.413,1198720.0,468891.732474432,2025-10-11
dydx,ISOLATED,AERGO-USD,20,0.06709999999,0.0,61800.0,4146.779999382001,2025-10-11
dydx,ISOLATED,AERO-USD,20,0.641556622,108662.257,35275.0,22630.909841049997,2025-10-11
dydx,CROSS,AEVO-USD,5,0.035914365,8383.034,173111.0,6217.171639515,2025-10-11
dydx,CROSS,AGIX-USD,5,0.5984417141,0.0,0.0,0.0,2025-10-11
dydx,ISOLATED,AI16Z-USD,20,0.026984563,0.0,25429.0,686.1904525269999,2025-10-11
dydx,ISOLATED,AITECH-USD,20,0.03027711084,0.0,100.0,3.027711084,2025-10-11
dydx,ISOLATED,AIXBT-USD,20,0.03201728,12292.556,227790.0,7293.2162112000005,2025-10-11
dydx,ISOLATED,AKT-USD,20,0.766,127178.983,73047.0,55954.002,2025-10-11
dydx,CROSS,ALGO-USD,5,0.1394057623,52185.7,1980440.0,276084.74788941204,2025-10-11
dydx,ISOLATED,ALPACA-USD,20,0.011305876,0.0,0.0,0.0,2025-10-11
dydx,ISOLATED,ALT-USD,20,0.0119147659,0.0,0.0,0.0,2025-10-11
dydx,ISOLATED,AMPL-USD,20,1.2639972,0.0,0.0,0.0,2025-10-11
dydx,CROSS,APE-USD,5,0.181849302,5788.935,212573.0,38656.251674046,2025-10-11
dydx,ISOLATED,API3-USD,20,0.5936874749,18114.924,14860.0,8822.195877013999,2025-10-11
dydx,CROSS,APT-USD,10,2.866547099,1486581.425,94427.0,270679.442917273,2025-10-11
dydx,ISOLATED,AR-USD,20,1.4407776,0.0,1234.4,1778.4958694400002,2025-10-11
dydx,CROSS,ARB-USD,10,0.167440369,40615.551,445499.0,74594.51694913101,2025-10-11
dydx,CROSS,ARKM-USD,5,0.199379751,55329.273,102536.0,20443.602148536,2025-10-11
dydx,CROSS,ASTER-USD,5,1.136254501,235102.649,45728.0,51958.645821728,2025-10-11
dydx,CROSS,ASTR-USD,5,0.0124149659,6560.589,1801630.0,22367.175014417,2025-10-11
dydx,CROSS,ATH-USD,5,0.03009824428,27108.086,387500.0,11663.069658499999,2025-10-11
dydx,CROSS,ATOM-USD,10,1.98409065,153720.544,77638.0,154040.82988469998,2025-10-11
dydx,ISOLATED,AURORA-USD,20,0.15936812,0.0,0.0,0.0,2025-10-11
dydx,CROSS,AVAX-USD,10,14.57583033,3948067.494,52665.3,767640.4770785491,2025-10-11
dydx,CROSS,AVNT-USD,5,0.381100255,55090.52,27300.0,10404.0369615,2025-10-11
dydx,CROSS,AXL-USD,5,0.145822875,20999.149,311530.0,45428.20024875,2025-10-11
dydx,ISOLATED,AXS-USD,20,1.104831449,21307.201,4746.0,5243.5300569539995,2025-10-11
dydx,ISOLATED,B3-USD,20,0.001783354741,10688.496,651000.0,1160.963936391,2025-10-11
dydx,ISOLATED,BABY-USD,20,0.02214885954,1150.48,110900.0,2456.308522986,2025-10-11
dydx,ISOLATED,BABYDOGE-USD,20,7.5530212e-10,18987.441,16956000000000.0,12806.90274672,2025-10-11
dydx,ISOLATED,BADGER-USD,20,0.82,0.0,0.0,0.0,2025-10-11
dydx,ISOLATED,BANANA-USD,20,5.402808,223.244,198.0,1069.7559840000001,2025-10-11
dydx,CROSS,BCH-USD,10,475.6126838,272443.671,853.93,406139.939077334,2025-10-11
dydx,ISOLATED,BCUT-USD,20,0.04690073536,0.0,0.0,0.0,2025-10-11
dydx,CROSS,BEAM-USD,5,0.00452280912,2947.387,1232900.0,5576.171364048,2025-10-11
dydx,CROSS,BERA-USD,5,1.31042416,966.509,10855.8,14225.702596127998,2025-10-11
dydx,ISOLATED,BICO-USD,20,0.051227648,0.0,0.0,0.0,2025-10-11
dydx,CROSS,BLAST-USD,5,0.0014937465,137.468,14713500.0,21978.23912775,2025-10-11
dydx,CROSS,BLUR-USD,5,0.0348739495,14768.651,454520.0,15850.90752674,2025-10-11
dydx,CROSS,BNB-USD,10,903.7672709,868850.312,415.79,375777.393567511,2025-10-11
dydx,ISOLATED,BODEN-USD,20,0.0020638314,0.0,0.0,0.0,2025-10-11
dydx,ISOLATED,BOME-USD,20,0.0005853042,0.0,0.0,0.0,2025-10-11
dydx,CROSS,BONK-USD,10,7.77310924e-06,68788.477,6680000000.0,51924.369723200005,2025-10-11
dydx,ISOLATED,BRETT-USD,20,0.017360208,2966.3,411200.0,7138.5175296,2025-10-11
dydx,CROSS,BTC-USD,50,106136.88298,104905769.2125,497.415,52794077.6474967,2025-10-11
dydx,ISOLATED,BTRUMP-USD,20,1.09441211e-06,0.0,0.0,0.0,2025-10-11
dydx,ISOLATED,CAKE-USD,20,2.44381895,17446.925,16142.0,39448.1254909,2025-10-11
dydx,ISOLATED,CETUS-USD,20,0.02900660264,26.28,0.0,0.0,2025-10-11
dydx,CROSS,CHZ-USD,5,0.0183023209,83741.641,2067650.0,37842.793808885,2025-10-11
dydx,ISOLATED,"CIG,RAYDIUM,EXRQAUXS967FDKYMNXO4EQZEQIHEUBSTBCXPXXWPUMP-USD",20,4.65475918e-05,0.0,0.0,0.0,2025-10-11
dydx,ISOLATED,CLV-USD,20,0.0149,0.0,0.0,0.0,2025-10-11
dydx,CROSS,COMP-USD,5,25.0,5741.373,3887.6,97190.0,2025-10-11
dydx,ISOLATED,COOKIE-USD,20,0.05292116846,0.0,68800.0,3640.976390048,2025-10-11
dydx,ISOLATED,CORE-USD,20,0.155842336,0.0,403.0,62.804461408,2025-10-11
dydx,CROSS,CRO-USD,5,0.09463785514,64196.456,280100.0,26508.063224714002,2025-10-11
dydx,CROSS,CRV-USD,10,0.273797771,47207.163,274220.0,75080.82476362001,2025-10-11
dydx,ISOLATED,CVX-USD,20,1.64011965,44089.639,5092.0,8351.4892578,2025-10-11
dydx,ISOLATED,DAI-USD,5,1.00010006,0.0,0.0,0.0,2025-10-11
dydx,ISOLATED,DAKU-USD,20,1.5179178e-06,0.0,0.0,0.0,2025-10-11
dydx,ISOLATED,DEGEN-USD,20,0.00164544496,0.0,0.0,0.0,2025-10-11
dydx,ISOLATED,DINNER-USD,20,0.00339191642976,0.0,0.0,0.0,2025-10-11
dydx,ISOLATED,DMAIL-USD,20,0.122414688,0.0,0.0,0.0,2025-10-11
dydx,CROSS,DOGE-USD,10,0.1387799007,3959115.55,5885800.0,816830.7395400599,2025-10-11
dydx,CROSS,DOT-USD,10,2.001039999,660046.586,119820.0,239764.61268018,2025-10-11
dydx,CROSS,DRIFT-USD,5,0.490347539,14179.988,25010.0,12263.59195039,2025-10-11
dydx,CROSS,DYDX-USD,5,0.159786238,66699.087,711434.0,113677.362445292,2025-10-11
dydx,CROSS,DYM-USD,5,0.058773509,28613.273,63059.0,3706.198704031,2025-10-11
dydx,ISOLATED,EGLD-USD,20,6.34253701,369.325,366.2,2322.6370530619997,2025-10-11
dydx,CROSS,EIGEN-USD,5,0.760304121,42194.755,31916.0,24265.866325836,2025-10-11
dydx,ISOLATED,ELX-USD,20,0.08802521,0.0,480.0,42.2521008,2025-10-11
dydx,CROSS,ENA-USD,5,0.256238055,1084719.14,7945680.0,2035985.5888524002,2025-10-11
dydx,ISOLATED,ENJ-USD,20,0.0286814725,0.0,3640.0,104.40055989999999,2025-10-11
dydx,CROSS,ENS-USD,5,10.357176,7151.649,741.6,7680.881721600001,2025-10-11
dydx,CROSS,EOS-USD,10,0.8167633526,0.0,0.0,0.0,2025-10-11
dydx,ISOLATED,ERA-USD,5,0.363845538,0.0,0.0,0.0,2025-10-11
dydx,ISOLATED,ES-USD,5,0.081332533,0.0,0.0,0.0,2025-10-11
dydx,CROSS,ETC-USD,10,12.30282112,320979.547,2636.1,32431.466754432,2025-10-11
dydx,CROSS,ETH-USD,50,3508.063225,105129683.2747,11938.014,41879307.89293515,2025-10-11
dydx,CROSS,ETHFI-USD,5,0.514154246,5604.755,14038.0,7217.697305348001,2025-10-11
dydx,ISOLATED,EUR-USD,20,1.098339335,9540.764,4922.0,5406.026206869999,2025-10-11
dydx,ISOLATED,EURC-USD,20,1.0356,0.0,0.0,0.0,2025-10-11
dydx,ISOLATED,"FARTCOIN,RAYDIUM,9BB6NFECJBCTNNLFKO2FQVQBQ8HHM13KCYYCDQBGPUMP-USD",20,0.2963485394,0.0,480.0,142.247298912,2025-10-11
dydx,CROSS,FET-USD,5,1.34838175,0.0,0.0,0.0,2025-10-11
dydx,CROSS,FIL-USD,10,0.87297115,1028140.947,83526.0,72915.7882749,2025-10-11
dydx,CROSS,FLOKI-USD,5,3.98865271e-05,47135.861,387880000.0,15471.186131547998,2025-10-11
dydx,ISOLATED,FLR-USD,20,0.0188087555,4625.29,100100.0,1882.75642555,2025-10-11
dydx,ISOLATED,FORTH-USD,20,1.797108743,0.0,0.0,0.0,2025-10-11
dydx,ISOLATED,FOXY-USD,20,0.00472618214,0.0,0.0,0.0,2025-10-11
dydx,CROSS,FTM-USD,5,0.7723027697,0.0,0.0,0.0,2025-10-11
dydx,ISOLATED,G-USD,20,0.0061633264,0.0,2600.0,16.024648640000002,2025-10-11
dydx,ISOLATED,GALA-USD,20,0.0044317727,0.0,297600.0,1318.89555552,2025-10-11
dydx,ISOLATED,GAS-USD,20,1.927578273,0.0,0.0,0.0,2025-10-11
dydx,ISOLATED,GHST-USD,20,0.7408518296,0.0,0.0,0.0,2025-10-11
dydx,ISOLATED,GLMR-USD,20,0.0379704929,0.0,0.0,0.0,2025-10-11
dydx,ISOLATED,GME-USD,20,0.002515523236,0.0,0.0,0.0,2025-10-11
dydx,ISOLATED,GMX-USD,20,8.2794685,24318.649,481.7,3988.21997645,2025-10-11
dydx,ISOLATED,GNO-USD,20,122.9743457,0.0,12.05,1481.8408656850002,2025-10-11
dydx,ISOLATED,GOAT-USD,20,0.03991995,0.0,0.0,0.0,2025-10-11
dydx,ISOLATED,GOONER-USD,5,1.65574e-06,0.0,0.0,0.0,2025-10-11
dydx,ISOLATED,GRASS-USD,20,0.196906272,0.0,9430.0,1856.82614496,2025-10-11
dydx,CROSS,GRT-USD,10,0.040921268,163546.13,443830.0,18162.08637644,2025-10-11
dydx,ISOLATED,"HAWKTUAH,RAYDIUM,4GFE6MBDORSY5BLBIUMRGETR6PZCJYFXMDM5EHSGPUMP-USD",20,0.000182796282,0.0,0.0,0.0,2025-10-11
dydx,CROSS,HBAR-USD,5,0.1157024456,58278.74,531350.0,61478.49446956,2025-10-11
dydx,ISOLATED,HNT-USD,20,2.16053875,1191.811,10953.0,23664.38092875,2025-10-11
dydx,ISOLATED,HOLO-USD,5,0.100040016,0.0,29970.0,2998.19927952,2025-10-11
dydx,ISOLATED,HUMA-USD,5,0.01499599839,0.0,125100.0,1875.9993985889998,2025-10-11
dydx,CROSS,HYPE-USD,5,29.86994797,29682.016,2165.5,64683.372329034995,2025-10-11
dydx,CROSS,ICP-USD,5,2.79211684,156336.413,36650.9,102333.59509115599,2025-10-11
dydx,ISOLATED,ID-USD,20,0.077953386,0.0,34090.0,2657.43092874,2025-10-11
dydx,CROSS,IMX-USD,5,0.3301782,90254.741,156770.0,51762.036413999995,2025-10-11
dydx,CROSS,INJ-USD,5,5.10204081,282307.347,51288.0,261673.46906328,2025-10-11
dydx,ISOLATED,IO-USD,20,0.238795518,8092.899,9902.0,2364.553219236,2025-10-11
dydx,ISOLATED,IOTA-USD,5,0.1059923969,0.0,1470.0,155.808823443,2025-10-11
dydx,ISOLATED,IOTX-USD,20,0.0221565154,0.0,372000.0,8242.2237288,2025-10-11
dydx,ISOLATED,IP-USD,20,1.356926835,26193.725,16127.0,21883.159068045003,2025-10-11
dydx,ISOLATED,JASMY-USD,20,0.00549964989,11103.769,430200.0,2365.949382678,2025-10-11
dydx,CROSS,JTO-USD,5,0.576110444,17907.961,153709.0,88553.360236796,2025-10-11
dydx,CROSS,JUP-USD,5,0.1422569027,181650.715,476600.0,67799.63982682,2025-10-11
dydx,CROSS,KAITO-USD,5,0.8793638091,20710.549,25900.0,22775.52265569,2025-10-11
dydx,ISOLATED,KAS-USD,20,0.019007603,11689.871,169780.0,3227.11083734,2025-10-11
dydx,ISOLATED,KDA-USD,20,0.1555808599,0.0,80.0,12.446468792000001,2025-10-11
dydx,ISOLATED,KERNEL-USD,20,0.1279755902,3930.444,19120.0,2446.893284624,2025-10-11
dydx,ISOLATED,KOMA-USD,20,0.0175270108,0.0,0.0,0.0,2025-10-11
dydx,ISOLATED,KRL-USD,20,0.2802449375,0.0,40.0,11.2097975,2025-10-11
dydx,ISOLATED,KSM-USD,20,6.31689506,0.0,280.0,1768.7306168,2025-10-11
dydx,ISOLATED,LA-USD,20,0.1913674102,0.0,0.0,0.0,2025-10-11
dydx,ISOLATED,LAYER-USD,20,0.128266664,0.0,0.0,0.0,2025-10-11
dydx,CROSS,LDO-USD,5,0.408122436,54151.67,223050.0,91031.70934979999,2025-10-11
dydx,ISOLATED,LINEA-USD,5,0.00930422168,4673.008,448700.0,4174.804267816,2025-10-11
dydx,CROSS,LINK-USD,10,12.4517203,3628528.017,70562.0,878618.2878086,2025-10-11
dydx,ISOLATED,LPT-USD,20,3.54601381,0.0,81.0,287.22711861,2025-10-11
dydx,CROSS,LTC-USD,10,82.46450679,1477011.653,7713.6,636098.219575344,2025-10-11
dydx,ISOLATED,LUCE-USD,20,0.0081183763,0.0,0.0,0.0,2025-10-11
dydx,ISOLATED,"MAD,RAYDIUM,MADHPJRN6BD8T78RSY7NUSUNWWA2HU8BYPOBZPRHBHV-USD",20,1.17181959e-05,0.0,0.0,0.0,2025-10-11
dydx,ISOLATED,MAGIC-USD,20,0.081390675,7653.2,5080.0,413.464629,2025-10-11
dydx,ISOLATED,MAJOR-USD,20,0.0797018807,0.0,0.0,0.0,2025-10-11
dydx,CROSS,MANA-USD,5,0.1792637791,50231.202,494280.0,88606.50073354799,2025-10-11
dydx,ISOLATED,MASK-USD,20,0.724217265,0.0,17.0,12.311693505000001,2025-10-11
dydx,CROSS,MATIC-USD,10,0.3932407381,0.0,0.0,0.0,2025-10-11
dydx,ISOLATED,MAVIA-USD,20,0.256523043,0.0,0.0,0.0,2025-10-11
dydx,ISOLATED,ME-USD,20,0.265806322,15799.425,9846.0,2617.1290464119998,2025-10-11
dydx,ISOLATED,MELANIA-USD,20,0.0660343199,0.0,0.0,0.0,2025-10-11
dydx,ISOLATED,MEW-USD,20,0.001278840749,0.0,0.0,0.0,2025-10-11
dydx,ISOLATED,MICHI-USD,20,0.011576257,0.0,0.0,0.0,2025-10-11
dydx,CROSS,MKR-USD,5,1763.39,0.0,0.0,0.0,2025-10-11
dydx,ISOLATED,MNRY-USD,20,0.00246573972,0.0,0.0,0.0,2025-10-11
dydx,CROSS,MNT-USD,5,1.3660464185,43745.501,23450.0,32033.788513825002,2025-10-11
dydx,ISOLATED,MOCA-USD,20,0.05272767089,0.0,0.0,0.0,2025-10-11
dydx,ISOLATED,MOG-USD,20,3.9621384e-07,9604.682,13940000000.0,5523.2209296,2025-10-11
dydx,ISOLATED,MOODENG-USD,20,0.08597,9732.983,63220.0,5435.0234,2025-10-11
dydx,CROSS,MORPHO-USD,5,0.81542617,137676.853,26793.0,21847.713372809998,2025-10-11
dydx,ISOLATED,MOTHER-USD,20,0.0115072852,0.0,0.0,0.0,2025-10-11
dydx,CROSS,MOVE-USD,5,0.0526210484,11065.362,867850.0,45667.17685394,2025-10-11
dydx,ISOLATED,NC-USD,20,0.01275510204,0.0,0.0,0.0,2025-10-11
dydx,CROSS,NEAR-USD,10,1.800720288,722785.946,78705.0,141725.69026704,2025-10-11
dydx,ISOLATED,NEIRO-USD,20,0.00398206959,0.0,0.0,0.0,2025-10-11
dydx,ISOLATED,NEO-USD,20,3.63345338,24.62,60.9,221.277310842,2025-10-11
dydx,ISOLATED,NEWT-USD,20,0.1104041616,0.0,0.0,0.0,2025-10-11
dydx,ISOLATED,NFT-USD,20,4.330599231e-07,0.0,20000000.0,8.661198462,2025-10-11
dydx,ISOLATED,NIL-USD,20,0.256302521,0.0,15370.0,3939.3697477700002,2025-10-11
dydx,ISOLATED,NMR-USD,20,9.72105232,0.0,0.0,0.0,2025-10-11
dydx,ISOLATED,NOT-USD,20,0.00052025999,5981.496,4375600.0,2276.449612244,2025-10-11
dydx,ISOLATED,"OCEAN,UNISWAP_V3_BASE,0X1D8148823C46B9C55B678CA84BEB82BC3523ADB1-USD",20,1.3849e-06,0.0,0.0,0.0,2025-10-11
dydx,ISOLATED,OM-USD,20,0.0623749499,78488.626,133740.0,8342.025799625999,2025-10-11
dydx,ISOLATED,OMNI-USD,5,3.699981184,0.0,0.0,0.0,2025-10-11
dydx,CROSS,ONDO-USD,5,0.35056,102438.159,250910.0,87959.00959999999,2025-10-11
dydx,ISOLATED,ONT-USD,20,0.0682422969,0.0,10.0,0.682422969,2025-10-11
dydx,CROSS,OP-USD,10,0.303561024,37651.473,286467.0,86960.215862208,2025-10-11
dydx,ISOLATED,ORCA-USD,20,1.12805122,0.0,2163.0,2439.97478886,2025-10-11
dydx,ISOLATED,ORDER-USD,20,0.2064514236,0.0,0.0,0.0,2025-10-11
dydx,CROSS,ORDI-USD,5,2.03209673,22254.257,5769.2,11723.572454716,2025-10-11
dydx,ISOLATED,OSMO-USD,5,0.0964672869,7053.834,17970.0,1733.5171455930001,2025-10-11
dydx,ISOLATED,PAIN-USD,20,1.329747e-06,0.0,0.0,0.0,2025-10-11
dydx,CROSS,PAXG-USD,5,3917.990397,45720.548,22.872,89612.276360184,2025-10-11
dydx,ISOLATED,PEAQ-USD,20,0.08254125,0.0,290.0,23.9369625,2025-10-11
dydx,CROSS,PENDLE-USD,5,1.983595078,21661.234,20566.0,40794.616374148,2025-10-11
dydx,CROSS,PENGU-USD,5,0.00903871161,206557.457,5092900.0,46033.254358569,2025-10-11
dydx,CROSS,PEOPLE-USD,5,0.00870648259,439.26,269700.0,2348.138354523,2025-10-11
dydx,CROSS,PEPE-USD,10,3.3918306e-06,244291.284,47650000000.0,161620.72809,2025-10-11
dydx,ISOLATED,PERP-USD,20,0.1571308523,0.0,30.0,4.713925569000001,2025-10-11
dydx,ISOLATED,PI-USD,20,0.175457685,0.0,19420.0,3407.3882427,2025-10-11
dydx,ISOLATED,PIRATE-USD,20,0.0158388288,0.0,0.0,0.0,2025-10-11
dydx,ISOLATED,PIXEL-USD,20,0.0103531059,0.0,0.0,0.0,2025-10-11
dydx,ISOLATED,PNUT-USD,20,0.069927971,23264.453,38125.0,2666.003894375,2025-10-11
dydx,CROSS,POL-USD,5,0.1480592236,75835.712,463130.0,68570.66822586801,2025-10-11
dydx,CROSS,POPCAT-USD,5,0.0894,2196.092,25150.0,2248.41,2025-10-11
dydx,ISOLATED,"POWSCHE,RAYDIUM,8CKISHHJDHJV4LUOIRMLUHQG58CUKBYJRTCP4Z3MCXNF-USD",20,0.02033770575,0.0,0.0,0.0,2025-10-11
dydx,ISOLATED,PRIME-USD,20,1.1797955,1089.12,100.0,117.97955,2025-10-11
dydx,ISOLATED,PROMPT-USD,5,0.06143655099,0.0,34100.0,2094.986388759,2025-10-11
dydx,ISOLATED,PROVE-USD,5,0.5032615599,16662.977,11160.0,5616.399008484,2025-10-11
dydx,CROSS,PUMP-USD,5,0.002514254276,880155.473,28100000.0,70650.54515559999,2025-10-11
dydx,CROSS,PYTH-USD,5,0.0699429771,73342.122,1763660.0,123355.630992186,2025-10-11
dydx,ISOLATED,QNT-USD,20,73.1995064,2108.648,6.8,497.75664352,2025-10-11
dydx,ISOLATED,QTUM-USD,20,1.597479243,0.0,0.0,0.0,2025-10-11
dydx,ISOLATED,RAY-USD,20,1.280704,222.627,111.0,142.158144,2025-10-11
dydx,ISOLATED,REN-USD,20,0.02525494901,0.0,0.0,0.0,2025-10-11
dydx,CROSS,RENDER-USD,5,0.963885554,42795.399,51935.0,50059.39624699,2025-10-11
dydx,ISOLATED,RETARDIO-USD,20,0.0392881969,0.0,0.0,0.0,2025-10-11
dydx,ISOLATED,REZ-USD,20,0.00932690276,66745.813,2026300.0,18899.103062588,2025-10-11
dydx,CROSS,RUNE-USD,5,0.662319446,49416.053,141072.0,93434.728886112,2025-10-11
dydx,CROSS,S-USD,5,0.121965826,87569.61,224420.0,27371.57067092,2025-10-11
dydx,ISOLATED,SAFE-USD,20,0.275405022,0.0,25711.0,7080.938520642,2025-10-11
dydx,ISOLATED,SAGA-USD,20,0.12740096,0.0,0.0,0.0,2025-10-11
dydx,ISOLATED,SATS-USD,20,1.0955475e-08,0.0,116730000000.0,1278.83259675,2025-10-11
dydx,ISOLATED,SCRT-USD,20,0.2287813655,0.0,0.0,0.0,2025-10-11
dydx,ISOLATED,SDM-USD,20,0.00215023335,0.0,0.0,0.0,2025-10-11
dydx,CROSS,SEI-USD,5,0.1497248249,726792.973,3128070.0,468349.733024943,2025-10-11
dydx,CROSS,SHIB-USD,10,7.738095238e-06,212505.804,17970000000.0,139053.57142686,2025-10-11
dydx,ISOLATED,SIGN-USD,20,0.02018807523,0.0,0.0,0.0,2025-10-11
dydx,ISOLATED,SKITTEN-USD,20,0.018995336972,0.0,0.0,0.0,2025-10-11
dydx,ISOLATED,SKL-USD,20,0.0128369282,6805.038,511600.0,6567.37246712,2025-10-11
dydx,ISOLATED,SKY-USD,5,0.0448032856,15556.851,249500.0,11178.4197572,2025-10-11
dydx,CROSS,SNX-USD,5,0.721788715,86016.795,340768.0,245962.49683311998,2025-10-11
dydx,CROSS,SOL-USD,20,169.25980392,16621566.065,50137.9,8486331.122960567,2025-10-11
dydx,ISOLATED,SOPH-USD,20,0.017858925,19376.04,306500.0,5473.7605125,2025-10-11
dydx,CROSS,SPX-USD,5,0.8119038654,41200.528,215370.0,174859.73549119802,2025-10-11
dydx,ISOLATED,SSV-USD,20,4.24020375,0.0,0.0,0.0,2025-10-11
dydx,ISOLATED,STEEM-USD,20,0.0826748024,10895.472,90720.0,7500.2580737279995,2025-10-11
dydx,CROSS,STRK-USD,5,0.082307923,91764.857,1339935.0,110287.26680500501,2025-10-11
dydx,CROSS,STX-USD,10,0.30116254,134163.91,273166.0,82267.36640164,2025-10-11
dydx,CROSS,SUI-USD,10,1.50015006,1999801.688,378870.0,568361.8532322,2025-10-11
dydx,ISOLATED,SUNDOG-USD,20,0.02251125,0.0,0.0,0.0,2025-10-11
dydx,ISOLATED,SUSHI-USD,20,0.300362108,0.0,300.0,90.1086324,2025-10-11
dydx,CROSS,SYRUP-USD,5,0.281362545,4828.516,36720.0,10331.632652400001,2025-10-11
dydx,ISOLATED,TAIKO-USD,20,0.266406562,0.0,100000.0,26640.6562,2025-10-11
dydx,CROSS,TAO-USD,5,213.67,122955.124,242.22,51755.147399999994,2025-10-11
dydx,ISOLATED,THE-USD,20,0.138805522,0.0,0.0,0.0,2025-10-11
dydx,ISOLATED,THETA-USD,20,0.294088226,13483.092,26167.0,7695.406609742,2025-10-11
dydx,CROSS,TIA-USD,10,0.467,676684.763,234257.1,109398.0657,2025-10-11
dydx,ISOLATED,TIBBIR-USD,20,1.4820371e-06,0.0,0.0,0.0,2025-10-11
dydx,ISOLATED,TLOS-USD,20,0.0331182472,0.0,0.0,0.0,2025-10-11
dydx,CROSS,TON-USD,5,0.932779833,1251580.959,102946.0,96025.952688018,2025-10-11
dydx,ISOLATED,TRB-USD,20,15.0605562,0.0,3.1,46.68772422,2025-10-11
dydx,ISOLATED,TREMP-USD,20,0.0522455407,0.0,0.0,0.0,2025-10-11
dydx,ISOLATED,TROY-USD,20,8.50610059e-05,0.0,0.0,0.0,2025-10-11
dydx,CROSS,TRUMP-USD,5,3.50982415,35416.257,9750.6,34222.89135699,2025-10-11
dydx,ISOLATED,TRUMPWIN-USD,20,1.0,0.0,0.0,0.0,2025-10-11
dydx,CROSS,TRX-USD,10,0.31976092827,132501.14,1025900.0,328042.73631219304,2025-10-11
dydx,ISOLATED,TRY-USD,100,0.02358878,19324.478,518100.0,12221.346918,2025-10-11
dydx,ISOLATED,TSLAX-USD,5,405.6489321,0.0,0.98,397.535953458,2025-10-11
dydx,ISOLATED,TURBO-USD,20,0.00156408425,0.0,0.0,0.0,2025-10-11
dydx,ISOLATED,UMA-USD,20,0.741598439,3959.232,10536.0,7813.481153304,2025-10-11
dydx,CROSS,UNI-USD,10,3.971588635,547293.001,66673.0,264797.729061355,2025-10-11
dydx,ISOLATED,USDE-USD,20,1.000179996,0.0,23990.0,23994.318104039998,2025-10-11
dydx,ISOLATED,USELESS-USD,5,0.197440282,14733.751,138600.0,27365.2230852,2025-10-11
dydx,CROSS,USUAL-USD,5,0.026010404,6192.234,912874.0,23744.221541096,2025-10-11
dydx,ISOLATED,VET-USD,20,0.01366546618,2431.225,413600.0,5652.036812048,2025-10-11
dydx,ISOLATED,VINE-USD,20,0.0261,23344.888,10510.0,274.31100000000004,2025-10-11
dydx,ISOLATED,VIRTUAL-USD,20,0.370148059,99.499,8295.0,3070.378149405,2025-10-11
dydx,ISOLATED,VOXEL-USD,20,0.02741096438,0.0,0.0,0.0,2025-10-11
dydx,ISOLATED,VRTX-USD,20,0.0646862886,0.0,0.0,0.0,2025-10-11
dydx,ISOLATED,VVV-USD,20,1.505782599,0.0,160.0,240.92521584,2025-10-11
dydx,CROSS,W-USD,5,0.045124354,23888.703,323830.0,14612.61955582,2025-10-11
dydx,ISOLATED,WBTC-USD,20,101929.20057,0.0,0.0,0.0,2025-10-11
dydx,ISOLATED,WCT-USD,20,0.112760104,3718.604,50200.0,5660.5572208,2025-10-11
dydx,CROSS,WIF-USD,10,0.247298919,1028500.265,252940.0,62551.78857186,2025-10-11
dydx,CROSS,WLD-USD,10,0.34818792,1252955.932,529575.0,184391.617734,2025-10-11
dydx,CROSS,WLFI-USD,5,0.0980294088,148244.113,308900.0,30281.284378319997,2025-10-11
dydx,CROSS,WOO-USD,10,0.0243331328,74643.344,576970.0,14039.487631616,2025-10-11
dydx,ISOLATED,WSTETH-USD,20,4257.982622,0.0,0.076,323.606679272,2025-10-11
dydx,ISOLATED,XAI-USD,20,0.0179071628,35983.106,230030.0,4119.184658884,2025-10-11
dydx,CROSS,XLM-USD,10,0.2083833533,2224135.206,917130.0,191114.62481202898,2025-10-11
dydx,CROSS,XMR-USD,5,279.8839651,26243.368,834.47,233554.772356997,2025-10-11
dydx,CROSS,XPL-USD,5,0.3027711084,43509.609,89000.0,26946.6286476,2025-10-11
dydx,CROSS,XRP-USD,10,1.838040216,4351003.742,869450.0,1598084.0658012,2025-10-11
dydx,ISOLATED,XTZ-USD,20,0.5059517855,4542.12,58750.0,29724.667398125,2025-10-11
dydx,ISOLATED,XYO-USD,20,0.007764549819,0.0,49000.0,380.462941131,2025-10-11
dydx,ISOLATED,YFI-USD,20,4031.612645,15121.36,2.537,10228.201280365,2025-10-11
dydx,ISOLATED,ZBCN-USD,20,0.0010295940811,0.0,0.0,0.0,2025-10-11
dydx,CROSS,ZEC-USD,5,185.16454936,182567.766,395.3,73195.546362008,2025-10-11
dydx,CROSS,ZEN-USD,5,8.059111844,18040.9,263.0,2119.546414972,2025-10-11
dydx,ISOLATED,ZEREBRO-USD,20,0.0085025507,0.0,0.0,0.0,2025-10-11
dydx,ISOLATED,ZERO-USD,20,0.0001357133475,0.0,0.0,0.0,2025-10-11
dydx,ISOLATED,ZETA-USD,20,0.0868347338,16966.41,46600.0,4046.4985950799996,2025-10-11
dydx,CROSS,ZK-USD,5,0.0272458983,28475.69,2485170.0,67710.689078211,2025-10-11
dydx,CROSS,ZORA-USD,5,0.05905,146714.35,143900.0,8497.295,2025-10-11
dydx,CROSS,ZRO-USD,5,1.327531012,23973.502,22793.0,30258.414356515997,2025-10-11
dydx,ISOLATED,ZRX-USD,20,0.1491596638,0.0,390.0,58.172268882000004,2025-10-11
hyperliquid,CROSS,0G-USD,3,2.2465,3153289.9496000013,581672.0,1306726.148,2025-10-11
hyperliquid,CROSS,2Z-USD,3,0.27324,5643603.818029998,6903386.0,1886281.19064,2025-10-11
hyperliquid,CROSS,AAVE-USD,10,230.47,60385102.45759998,95980.68,22120667.319599997,2025-10-11
hyperliquid,CROSS,ACE-USD,3,0.2985,774296.5538949997,132304.76,39492.97086,2025-10-11
hyperliquid,CROSS,ADA-USD,10,0.65145,54862458.34641999,17137874.0,11164468.0173,2025-10-11
hyperliquid,CROSS,AI-USD,3,0.1257,0.0,0.0,0.0,2025-10-11
hyperliquid,CROSS,AI16Z-USD,5,0.05062,6051596.615692,23553483.599999998,1192277.3398319997,2025-10-11
hyperliquid,CROSS,AIXBT-USD,5,0.05822,2723123.076967,9054264.0,527139.25008,2025-10-11
hyperliquid,CROSS,ALGO-USD,5,0.18285,3121290.8247399996,6833852.0,1249569.8382,2025-10-11
hyperliquid,CROSS,ALT-USD,5,0.01867,1220334.462477,32020186.0,597816.8726199999,2025-10-11
hyperliquid,CROSS,ANIME-USD,3,0.0095,1984604.6986039998,31738660.0,301517.27,2025-10-11
hyperliquid,CROSS,APE-USD,5,0.36265,4709940.250256001,3067470.6000000006,1112418.2130900002,2025-10-11
hyperliquid,CROSS,APEX-USD,3,1.1357,16215248.836779999,8767390.0,9957124.822999999,2025-10-11
hyperliquid,CROSS,APT-USD,10,3.921,22418642.809299998,3032133.7800000003,11888996.551380001,2025-10-11
hyperliquid,CROSS,AR-USD,5,4.0305,2983463.1109379996,172392.2,694826.7621,2025-10-11
hyperliquid,CROSS,ARB-USD,10,0.3075,39293558.43173699,19194015.6,5902159.797,2025-10-11
hyperliquid,CROSS,ARK-USD,3,0.3629,429280.7165700001,469534.0,170393.8886,2025-10-11
hyperliquid,CROSS,ASTER-USD,3,1.351,551716685.5156003,121949576.0,164753877.176,2025-10-11
hyperliquid,CROSS,ATOM-USD,5,3.0995,4398460.981571001,807996.7,2504385.77165,2025-10-11
hyperliquid,CROSS,AVAX-USD,10,21.93,115786376.16200998,1060275.5799999998,23251843.469399996,2025-10-11
hyperliquid,CROSS,AVNT-USD,5,0.59815,21400505.768510003,13395348.0,8012427.406199999,2025-10-11
hyperliquid,CROSS,BABY-USD,5,0.03291,1168961.4508920007,7236794.0,238162.89054000002,2025-10-11
hyperliquid,CROSS,BADGER-USD,5,0.88959,0.0,0.0,0.0,2025-10-11
hyperliquid,CROSS,BANANA-USD,3,12.59,1309637.2203,48394.8,609290.532,2025-10-11
hyperliquid,CROSS,BCH-USD,10,532.4,15019959.98701,4124.91,2196102.084,2025-10-11
hyperliquid,CROSS,BERA-USD,5,1.807,12110818.298910003,3070820.8,5548973.1855999995,2025-10-11
hyperliquid,CROSS,BIGTIME-USD,5,0.033864,1111069.9365209998,11651840.0,394577.90975999995,2025-10-11
hyperliquid,CROSS,BIO-USD,5,0.0857,2702902.734002,16424346.0,1407566.4522,2025-10-11
hyperliquid,CROSS,BLAST-USD,3,0.001539,773909.5919829999,565336642.0,870053.092038,2025-10-11
hyperliquid,CROSS,BLUR-USD,5,0.049905,1992869.5103949995,23476926.0,1171615.9920299998,2025-10-11
hyperliquid,CROSS,BLZ-USD,5,0.070028,0.0,0.0,0.0,2025-10-11
hyperliquid,CROSS,BNB-USD,10,1135.4,216536093.61579993,66900.06,75958328.124,2025-10-11
hyperliquid,CROSS,BNT-USD,3,0.38349,0.0,0.0,0.0,2025-10-11
hyperliquid,CROSS,BOME-USD,3,0.001046,1356960.1775170001,260343178.0,272318.964188,2025-10-11
hyperliquid,CROSS,BRETT-USD,5,0.030945,3462076.124725999,34200778.0,1058343.07521,2025-10-11
hyperliquid,CROSS,BSV-USD,3,20.59,754006.4533300002,26972.52,555364.1868,2025-10-11
hyperliquid,CROSS,BTC-USD,40,112256.0,12000570453.141996,19437.5031,2181976347.9936004,2025-10-11
hyperliquid,CROSS,CAKE-USD,3,2.908,25616483.362729993,3165127.2,9204189.8976,2025-10-11
hyperliquid,CROSS,CANTO-USD,5,0.06598,0.0,0.0,0.0,2025-10-11
hyperliquid,CROSS,CATI-USD,3,0.08275,0.0,0.0,0.0,2025-10-11
hyperliquid,CROSS,CELO-USD,3,0.2741,3312741.49344,884712.0,242499.55920000002,2025-10-11
hyperliquid,CROSS,CFX-USD,5,0.1025,2922920.7682610014,6562106.0,672615.865,2025-10-11
hyperliquid,CROSS,CHILLGUY-USD,3,0.024455,2763078.482819999,29228782.0,714789.86381,2025-10-11
hyperliquid,CROSS,COMP-USD,5,31.685,1051934.6733500003,14394.6,456092.901,2025-10-11
hyperliquid,CROSS,CRV-USD,10,0.5039,54535672.65736899,22942007.399999995,11560477.528859997,2025-10-11
hyperliquid,CROSS,CYBER-USD,3,1.043,0.0,0.0,0.0,2025-10-11
hyperliquid,CROSS,DOGE-USD,10,0.19505,553556101.1616902,335802338.0,65498246.0269,2025-10-11
hyperliquid,CROSS,DOOD-USD,3,0.007523,4695168.649863998,147021976.0,1106046.325448,2025-10-11
hyperliquid,CROSS,DOT-USD,10,3.131,15146467.737109998,1374802.2,4304505.6882,2025-10-11
hyperliquid,CROSS,DYDX-USD,5,0.3481,7653107.680064,13513980.2,4704216.50762,2025-10-11
hyperliquid,CROSS,DYM-USD,3,0.10765,664509.015401,3485937.0,375261.11805,2025-10-11
hyperliquid,CROSS,EIGEN-USD,5,1.2634,19673302.629407,5253762.12,6637603.062408,2025-10-11
hyperliquid,CROSS,ENA-USD,10,0.43845,175752061.66786996,115381462.0,50589002.013900004,2025-10-11
hyperliquid,CROSS,ENS-USD,5,15.04,4672742.15228,154545.74,2324367.9296,2025-10-11
hyperliquid,CROSS,ETC-USD,5,14.722,4191040.4480999997,88608.76,1304498.1647199998,2025-10-11
hyperliquid,CROSS,ETH-USD,25,3805.9,7728991099.44006,407757.7854,1551885355.45386,2025-10-11
hyperliquid,CROSS,ETHFI-USD,5,1.1545,18493744.588150002,8758162.6,10111298.7217,2025-10-11
hyperliquid,CROSS,FARTCOIN-USD,10,0.36745,241419655.53211007,118569632.6,43568411.49887,2025-10-11
hyperliquid,CROSS,FET-USD,5,0.3961,4812511.243280001,3884274.0,1538560.9314000001,2025-10-11
hyperliquid,CROSS,FIL-USD,5,1.7035,6984182.03586,742642.4,1265091.3284,2025-10-11
hyperliquid,CROSS,FRIEND-USD,3,0.47734,0.0,0.0,0.0,2025-10-11
hyperliquid,CROSS,FTM-USD,10,0.712,0.0,0.0,0.0,2025-10-11
hyperliquid,CROSS,FTT-USD,3,0.61485,213695.7659010001,157086.0,96584.3271,2025-10-11
hyperliquid,CROSS,FXS-USD,5,1.354,5409192.336495999,1028928.7999999999,1393169.5952,2025-10-11
hyperliquid,CROSS,GALA-USD,3,0.011228,1390330.4530830008,37868194.0,425184.082232,2025-10-11
hyperliquid,CROSS,GAS-USD,3,2.432,4059806.1272199997,120673.4,293477.70879999996,2025-10-11
hyperliquid,CROSS,GMT-USD,5,0.02699,575456.632792,4618626.0,124656.71574,2025-10-11
hyperliquid,CROSS,GMX-USD,5,9.74,2747679.3418429997,68034.66,662657.5884,2025-10-11
hyperliquid,CROSS,GOAT-USD,5,0.055605,1969337.4548459998,13375166.0,743726.10543,2025-10-11
hyperliquid,CROSS,GRASS-USD,5,0.5143,4111977.0539279995,3051771.0,1569525.8253,2025-10-11
hyperliquid,CROSS,GRIFFAIN-USD,5,0.01813,1889613.5424370002,56966600.0,1032804.458,2025-10-11
hyperliquid,CROSS,HBAR-USD,5,0.16914,7496328.269350001,13683294.0,2314392.3471600004,2025-10-11
hyperliquid,CROSS,HEMI-USD,3,0.0714,3705730.7546100006,5474380.0,390870.732,2025-10-11
hyperliquid,CROSS,HMSTR-USD,3,0.000408,256433.650795,148218346.0,60473.085168,2025-10-11
hyperliquid,CROSS,HPOS-USD,3,0.042203,0.0,0.0,0.0,2025-10-11
hyperliquid,CROSS,HYPE-USD,10,38.63,1520349359.618028,18082526.919999994,698528014.9195998,2025-10-11
hyperliquid,CROSS,HYPER-USD,3,0.1865,1369524.0273900002,3727602.0,695197.773,2025-10-11
hyperliquid,CROSS,ILV-USD,3,12.14,0.0,0.0,0.0,2025-10-11
hyperliquid,CROSS,IMX-USD,5,0.511,2062230.4680310006,2401543.6,1227188.7796,2025-10-11
hyperliquid,CROSS,INIT-USD,3,0.1905,3233960.563289999,8954594.0,1705850.1570000001,2025-10-11
hyperliquid,CROSS,INJ-USD,10,9.0594,8403613.758240001,197725.4,1791273.4887599999,2025-10-11
hyperliquid,CROSS,IO-USD,5,0.327,2564246.4855129994,1659987.5999999999,542815.9452,2025-10-11
hyperliquid,CROSS,IOTA-USD,3,0.14445,1811468.97857,1946644.0,281192.7258,2025-10-11
hyperliquid,CROSS,IP-USD,3,4.7432,32203174.16944002,2427137.7999999993,11512400.012959996,2025-10-11
hyperliquid,CROSS,JELLY-USD,3,0.03719,0.0,0.0,0.0,2025-10-11
hyperliquid,CROSS,JTO-USD,5,1.0855,5183952.45352,2721016.0,2953662.868,2025-10-11
hyperliquid,CROSS,JUP-USD,10,0.3348,12031698.00786,12630588.0,4228720.8624,2025-10-11
hyperliquid,CROSS,KAITO-USD,5,1.1393,3974480.7517800014,3332486.0,3796701.2998,2025-10-11
hyperliquid,CROSS,KAS-USD,3,0.059,3144942.1384810004,16029210.0,945723.3899999999,2025-10-11
hyperliquid,CROSS,KBONK-USD,10,0.014107,42283674.742003,637297244.0,8990352.221108,2025-10-11
hyperliquid,CROSS,KDOGS-USD,3,0.13675,0.0,0.0,0.0,2025-10-11
hyperliquid,CROSS,KFLOKI-USD,5,0.068475,8119808.585142001,38674048.0,2648205.4368,2025-10-11
hyperliquid,CROSS,KLUNC-USD,3,0.035535,4090491.1288999994,7921824.0,281502.01583999995,2025-10-11
hyperliquid,CROSS,KNEIRO-USD,5,0.17134,2747545.0424570004,2060700.6,353080.440804,2025-10-11
hyperliquid,CROSS,KPEPE-USD,10,0.00697,95223348.58485907,1876992684.0,13082639.00748,2025-10-11
hyperliquid,CROSS,KSHIB-USD,10,0.01025,12443855.155540003,405694912.0,4158372.848,2025-10-11
hyperliquid,CROSS,LAUNCHCOIN-USD,3,0.090485,36572803.926873006,326337790.0,29528674.92815,2025-10-11
hyperliquid,CROSS,LAYER-USD,3,0.29268,1035558.8571499998,1370640.0,401158.9152,2025-10-11
hyperliquid,CROSS,LDO-USD,10,0.8068,24284262.01818102,12884262.600000001,10395023.06568,2025-10-11
hyperliquid,CROSS,LINEA-USD,3,0.0178,17917372.516533,477041530.0,8491339.234,2025-10-11
hyperliquid,CROSS,LINK-USD,10,17.54,139599462.9758,1994395.6,34981698.824,2025-10-11
hyperliquid,CROSS,LISTA-USD,3,0.1247,0.0,0.0,0.0,2025-10-11
hyperliquid,CROSS,LOOM-USD,10,0.071385,0.0,0.0,0.0,2025-10-11
hyperliquid,CROSS,LTC-USD,10,100.13,265874435.25761992,477531.7799999999,47815257.13139999,2025-10-11
hyperliquid,CROSS,MANTA-USD,3,0.1183,431810.548326,639843.6,75693.49788,2025-10-11
hyperliquid,CROSS,MATIC-USD,20,0.3754,0.0,0.0,0.0,2025-10-11
hyperliquid,CROSS,MAV-USD,3,0.033978,476475.490158,3065054.0,104144.40481200001,2025-10-11
hyperliquid,CROSS,MAVIA-USD,3,0.07577,876607.2773900004,7886354.6,597549.088042,2025-10-11
hyperliquid,CROSS,ME-USD,5,0.42255,1400771.8541740002,1356242.0,573080.0571,2025-10-11
hyperliquid,CROSS,MELANIA-USD,5,0.11394,3802043.167916001,7503342.800000001,854930.8786320001,2025-10-11
hyperliquid,CROSS,MEME-USD,5,0.001541,2570666.269702999,475233106.0,732334.216346,2025-10-11
hyperliquid,CROSS,MERL-USD,3,0.3529,4567978.7754199905,11125570.0,3926213.653,2025-10-11
hyperliquid,CROSS,MET-USD,3,1.4979,7603881.235399997,792084.0,1186462.6236,2025-10-11
hyperliquid,CROSS,MEW-USD,5,0.001977,463498.823754,87552834.0,173091.952818,2025-10-11
hyperliquid,CROSS,MINA-USD,3,0.11195,612856.2947050002,1421014.0,159082.51729999998,2025-10-11
hyperliquid,CROSS,MKR-USD,10,1828.8,0.0,0.0,0.0,2025-10-11
hyperliquid,CROSS,MNT-USD,5,1.8017,98575373.35801998,16143453.400000004,29085659.990780007,2025-10-11
hyperliquid,CROSS,MON-USD,3,0.094192,26977471.70227399,86131330.0,8112882.23536,2025-10-11
hyperliquid,CROSS,MOODENG-USD,5,0.10988,5542172.4326960035,16311910.0,1792352.6708000002,2025-10-11
hyperliquid,CROSS,MORPHO-USD,5,1.553,5197794.707925998,1091462.6,1695041.4178000002,2025-10-11
hyperliquid,CROSS,MOVE-USD,5,0.08015,1631835.9065810002,11012638.0,882662.9357,2025-10-11
hyperliquid,CROSS,MYRO-USD,3,0.015815,0.0,0.0,0.0,2025-10-11
hyperliquid,CROSS,NEAR-USD,10,2.432,37785246.5199,4089530.0,9945736.959999999,2025-10-11
hyperliquid,CROSS,NEIROETH-USD,5,0.017705,0.0,0.0,0.0,2025-10-11
hyperliquid,CROSS,NEO-USD,5,4.5002,2709276.8324140008,93948.36,422786.40967200004,2025-10-11
hyperliquid,CROSS,NFTI-USD,3,2518.4,0.0,0.0,0.0,2025-10-11
hyperliquid,CROSS,NIL-USD,3,0.23425,4463163.249810001,5481580.0,1284060.115,2025-10-11
hyperliquid,CROSS,NOT-USD,3,0.00096,1678819.6444779998,409851474.0,393457.41504,2025-10-11
hyperliquid,CROSS,NTRN-USD,3,0.12385,0.0,0.0,0.0,2025-10-11
hyperliquid,CROSS,NXPC-USD,5,0.35719,1458906.0099700002,1225550.0,437754.2045,2025-10-11
hyperliquid,CROSS,OGN-USD,3,0.0558,0.0,0.0,0.0,2025-10-11
hyperliquid,CROSS,OM-USD,5,0.11035,3456562.9450349994,8487324.8,936576.2916800001,2025-10-11
hyperliquid,CROSS,OMNI-USD,3,4.1948,0.0,0.0,0.0,2025-10-11
hyperliquid,CROSS,ONDO-USD,10,0.7402,25206352.637110006,8809084.0,6520483.976799999,2025-10-11
hyperliquid,CROSS,OP-USD,10,0.4857,6474504.592754002,5596241.4,2718094.44798,2025-10-11
hyperliquid,CROSS,ORBS-USD,3,0.019393,0.0,0.0,0.0,2025-10-11
hyperliquid,CROSS,ORDI-USD,5,5.2145,2358075.9043110013,77292.5,403041.74125,2025-10-11
hyperliquid,CROSS,OX-USD,3,0.004982,0.0,0.0,0.0,2025-10-11
hyperliquid,CROSS,PANDORA-USD,3,1706.6,0.0,0.0,0.0,2025-10-11
hyperliquid,CROSS,PAXG-USD,5,3982.6,40529612.40150002,11273.338,44897195.9188,2025-10-11
hyperliquid,CROSS,PENDLE-USD,5,3.572,17831578.427899998,1504844.0,5375302.768,2025-10-11
hyperliquid,CROSS,PENGU-USD,5,0.023694,67582372.58409598,612182972.0,14505063.338568,2025-10-11
hyperliquid,CROSS,PEOPLE-USD,3,0.012,1030338.816122,26710550.0,320526.60000000003,2025-10-11
hyperliquid,CROSS,PIXEL-USD,3,0.024025,0.0,0.0,0.0,2025-10-11
hyperliquid,CROSS,PNUT-USD,5,0.1405,3101222.064492,6587551.8,925551.0279000001,2025-10-11
hyperliquid,CROSS,POL-USD,5,0.19215,4303105.005759999,12349714.0,2372997.5450999998,2025-10-11
hyperliquid,CROSS,POLYX-USD,3,0.0835,290410.902957,3617198.0,302036.033,2025-10-11
hyperliquid,CROSS,POPCAT-USD,10,0.15582,16793293.920039997,32582676.0,5077032.57432,2025-10-11
hyperliquid,CROSS,PROMPT-USD,5,0.088975,2276844.123386001,7132832.0,634643.7272,2025-10-11
hyperliquid,CROSS,PROVE-USD,3,0.5869,3705322.0827500005,1904294.0,1117630.1486,2025-10-11
hyperliquid,CROSS,PUMP-USD,5,0.004013,247523540.78325894,21275434924.0,85378320.350012,2025-10-11
hyperliquid,CROSS,PURR-USD,3,0.10541,8576382.002550002,38737704.0,4083341.3786400002,2025-10-11
hyperliquid,CROSS,PYTH-USD,5,0.1115,4132829.7901590005,10925014.0,1218139.061,2025-10-11
hyperliquid,CROSS,RDNT-USD,5,0.018338,0.0,0.0,0.0,2025-10-11
hyperliquid,CROSS,RENDER-USD,5,2.478,4320010.981439999,457303.8,1133198.8164000001,2025-10-11
hyperliquid,CROSS,REQ-USD,3,0.15423,0.0,0.0,0.0,2025-10-11
hyperliquid,CROSS,RESOLV-USD,3,0.0655,2839802.310924999,16383918.0,1073146.629,2025-10-11
hyperliquid,CROSS,REZ-USD,3,0.01047,1166136.54575,35039152.0,366859.92144,2025-10-11
hyperliquid,CROSS,RLB-USD,3,0.071068,0.0,0.0,0.0,2025-10-11
hyperliquid,CROSS,RNDR-USD,20,7.03,0.0,0.0,0.0,2025-10-11
hyperliquid,CROSS,RSR-USD,3,0.004485,1270342.6307289999,154619990.0,693470.65515,2025-10-11
hyperliquid,CROSS,RUNE-USD,5,0.886,2447868.382885,1128646.0,999980.356,2025-10-11
hyperliquid,CROSS,S-USD,5,0.1648,10512270.628459997,22444668.0,3698881.2864,2025-10-11
hyperliquid,CROSS,SAGA-USD,5,0.12733,722324.895197,5784184.199999999,736500.1741859999,2025-10-11
hyperliquid,CROSS,SAND-USD,5,0.19815,1378197.8205300006,2087574.0,413652.7881,2025-10-11
hyperliquid,CROSS,SCR-USD,5,0.169,1045672.0793379999,1669823.2,282200.12080000003,2025-10-11
hyperliquid,CROSS,SEI-USD,10,0.22037,19534816.646959994,15492812.0,3414150.98044,2025-10-11
hyperliquid,CROSS,SHIA-USD,3,0.000209,0.0,0.0,0.0,2025-10-11
hyperliquid,CROSS,SKY-USD,3,0.05887,2682130.861213,11391256.0,670603.24072,2025-10-11
hyperliquid,CROSS,SNX-USD,3,1.0505,21749209.961675998,10655075.0,11193156.2875,2025-10-11
hyperliquid,CROSS,SOL-USD,20,185.68,3058927758.4507017,2881011.040000001,534946129.9072002,2025-10-11
hyperliquid,CROSS,SOPH-USD,5,0.022243,2967420.279582001,21359094.0,475090.327842,2025-10-11
hyperliquid,CROSS,SPX-USD,5,1.1416,29621188.881837998,4082289.6000000006,4660341.80736,2025-10-11
hyperliquid,CROSS,STBL-USD,3,0.11357,27716965.27303001,40788486.0,4632348.355020001,2025-10-11
hyperliquid,CROSS,STG-USD,3,0.15385,0.0,0.0,0.0,2025-10-11
hyperliquid,CROSS,STRAX-USD,10,0.0416,0.0,0.0,0.0,2025-10-11
hyperliquid,CROSS,STRK-USD,5,0.1121,13003885.773582995,18030908.6,2021264.8540600003,2025-10-11
hyperliquid,CROSS,STX-USD,5,0.44075,2639324.594898001,1810730.6,798079.51195,2025-10-11
hyperliquid,CROSS,SUI-USD,10,2.7389,166789924.32202998,11153928.0,30549493.3992,2025-10-11
hyperliquid,CROSS,SUPER-USD,3,0.4245,2360998.707880001,1709430.0,725653.035,2025-10-11
hyperliquid,CROSS,SUSHI-USD,5,0.4814,1611631.7486490004,672511.2,323746.89168,2025-10-11
hyperliquid,CROSS,SYRUP-USD,3,0.33086,3878496.6996200015,4004736.0,1325006.95296,2025-10-11
hyperliquid,CROSS,TAO-USD,5,295.5,37570750.956909984,30892.61,9128766.255,2025-10-11
hyperliquid,CROSS,TIA-USD,10,0.9684,13352109.844122998,3182813.4,3082236.49656,2025-10-11
hyperliquid,CROSS,TNSR-USD,3,0.0676,385933.0836989998,3014993.5999999996,203813.56735999996,2025-10-11
hyperliquid,CROSS,TON-USD,10,2.121,25269421.22998,5037959.199999999,10685511.4632,2025-10-11
hyperliquid,CROSS,TRB-USD,3,24.026,2276969.53342,8303.52,199500.37152000002,2025-10-11
hyperliquid,CROSS,TRUMP-USD,10,5.693,39932397.608109996,1081897.6,6159243.0368,2025-10-11
hyperliquid,CROSS,TRX-USD,10,0.31655,15924028.80301,32579380.0,10313002.739,2025-10-11
hyperliquid,CROSS,TST-USD,3,0.02097,2530374.303257999,17229082.0,361293.84953999997,2025-10-11
hyperliquid,CROSS,TURBO-USD,5,0.002482,1207571.2544549997,414857310.0,1029675.8434199999,2025-10-11
hyperliquid,CROSS,UMA-USD,3,0.88,940235.1343299998,557783.7999999999,490849.74399999995,2025-10-11
hyperliquid,CROSS,UNI-USD,10,5.835,30361259.445000004,1150514.8,6713253.858,2025-10-11
hyperliquid,CROSS,UNIBOT-USD,3,6.053,0.0,0.0,0.0,2025-10-11
hyperliquid,CROSS,USTC-USD,3,0.007105,602570.0981299999,67011312.0,476115.37176,2025-10-11
hyperliquid,CROSS,USUAL-USD,5,0.0306,1305579.6084499995,10983470.0,336094.182,2025-10-11
hyperliquid,CROSS,VINE-USD,5,0.03746,4068452.9933870006,30401884.0,1138854.57464,2025-10-11
hyperliquid,CROSS,VIRTUAL-USD,5,0.729,8227587.481374,6168830.8,4497077.6532,2025-10-11
hyperliquid,CROSS,VVV-USD,3,1.557,2557981.757483,853293.1,1328577.3567,2025-10-11
hyperliquid,CROSS,W-USD,5,0.07632,4437141.046418,29513331.8,2252457.482976,2025-10-11
hyperliquid,CROSS,WCT-USD,3,0.1573,1124764.163365,847242.0,133271.1666,2025-10-11
hyperliquid,CROSS,WIF-USD,10,0.48885,34983446.19817,14155826.0,6920075.5401,2025-10-11
hyperliquid,CROSS,WLD-USD,10,0.939,63099373.652307995,22816500.8,21424694.251199998,2025-10-11
hyperliquid,CROSS,WLFI-USD,5,0.1308,85788736.46635997,89872890.0,11755374.012,2025-10-11
hyperliquid,CROSS,XAI-USD,3,0.02718,924002.9920320001,16209184.8,440565.642864,2025-10-11
hyperliquid,CROSS,XLM-USD,5,0.32635,8784002.940869998,7421520.0,2422013.0519999997,2025-10-11
hyperliquid,CROSS,XPL-USD,10,0.4798,518907522.9630798,327839114.0,157297206.8972,2025-10-11
hyperliquid,CROSS,XRP-USD,20,2.4235,710745528.7487997,35424704.0,85851770.14400001,2025-10-11
hyperliquid,CROSS,YGG-USD,3,0.11448,1652386.055582,2206588.0,252610.19423999998,2025-10-11
hyperliquid,CROSS,YZY-USD,3,0.4005,2586651.872469999,1401704.0,561382.452,2025-10-11
hyperliquid,CROSS,ZEC-USD,5,217.77,379401575.9404999,219488.68,47798049.8436,2025-10-11
hyperliquid,CROSS,ZEN-USD,5,10.535,22854760.415612005,88231.58,929519.6953,2025-10-11
hyperliquid,CROSS,ZEREBRO-USD,5,0.013455,3311306.6303590005,156637256.0,2107554.27948,2025-10-11
hyperliquid,CROSS,ZETA-USD,3,0.11725,791962.7252280001,2818049.0,330416.24525,2025-10-11
hyperliquid,CROSS,ZK-USD,5,0.03946,3096682.8295760006,18744516.0,739658.6013600001,2025-10-11
hyperliquid,CROSS,ZORA-USD,3,0.087403,59197311.95514899,96913762.0,8470553.540086,2025-10-11
hyperliquid,CROSS,ZRO-USD,5,1.925,9823265.324059999,1255782.6,2417381.5050000004,2025-10-11
