exchange,market_type,symbol_raw,leverage_max,price_usd,volume_24h_usd,open_interest_base,open_interest_usd,daily_snapshot
drift,CROSS,1KMEW-USD,4,2.48858,0.0,0.0,0.0,2026-08-24
drift,CROSS,1KMON-USD,5,24.7469,0.0,2649.0,65554.5381,2026-08-24
drift,CROSS,1KPUMP-USD,5,1.70145,0.0,151483.0,257740.75035,2026-08-24
drift,CROSS,1KWEN-USD,4,0.035257,0.0,460.0,16.21822,2026-08-24
drift,CROSS,1MBONK-USD,10,5.9307,0.0,25691.0,152365.6137,2026-08-24
drift,CROSS,1MPEPE-USD,4,3.425,0.0,5679.0,19450.575,2026-08-24
drift,CROSS,2Z-USD,5,0.078005,0.0,25224.0,1967.59812,2026-08-24
drift,CROSS,ADA-USD,10,0.248612,0.0,103123.0,25637.615276,2026-08-24
drift,CROSS,AI16Z-USD,4,0.082422,0.0,1091.0,89.92240199999999,2026-08-24
drift,CROSS,APT-USD,10,0.905201,0.0,25147.7,22763.7231877,2026-08-24
drift,CROSS,ARB-USD,10,0.09454,0.0,122152.0,11548.25008,2026-08-24
drift,CROSS,ASTER-USD,10,0.672505,0.0,255614.0,171901.69307,2026-08-24
drift,CROSS,AVAX-USD,10,9.151797,0.0,5981.8,54744.2192946,2026-08-24
drift,CROSS,BERA-USD,5,0.541483,0.0,0.0,0.0,2026-08-24
drift,CROSS,BNB-USD,10,613.353497,0.0,406.89,249567.40439432996,2026-08-24
drift,CROSS,BP-USD,10,0.151469,0.0,68459.5614,10369.5013056966,2026-08-24
drift,CROSS,BREAKPOINT-USD,1,1e-06,0.0,0.0,0.0,2026-08-24
drift,CROSS,BTC-USD,101,68118.628437,0.0,512.8575,34935149.48362873,2026-08-24
drift,CROSS,CLOUD-USD,2,0.036481,0.0,20.0,0.7296199999999999,2026-08-24
drift,CROSS,DBR-USD,2,0.024672,0.0,0.0,0.0,2026-08-24
drift,CROSS,DEMOCRATS-USD,1,1e-06,0.0,0.0,0.0,2026-08-24
drift,CROSS,DOGE-USD,10,0.092615,0.0,3523744.0,326351.55056,2026-08-24
drift,CROSS,DRIFT-USD,5,0.055181,0.0,4710102.0,259908.138462,2026-08-24
drift,CROSS,DYM-USD,5,0.242627,0.0,547.0,132.716969,2026-08-24
drift,CROSS,ETH-USD,101,2128.411215,0.0,7739.912,16473715.50391308,2026-08-24
drift,CROSS,FARTCOIN-USD,10,0.165033,0.0,809900.0,133660.2267,2026-08-24
drift,CROSS,FED-USD,1,0.999999,0.0,0.0,0.0,2026-08-24
drift,CROSS,FWOG-USD,4,0.030393,0.0,13687.0,415.988991,2026-08-24
drift,CROSS,GOAT-USD,4,0.078436,0.0,60.0,4.706160000000001,2026-08-24
drift,CROSS,HNT-USD,5,1.073061,0.0,15706.0,16853.496066,2026-08-24
drift,CROSS,HYPE-USD,10,36.332511,0.0,44173.0,1604916.008403,2026-08-24
drift,CROSS,INJ-USD,10,2.894068,0.0,26530.5,76781.07107399999,2026-08-24
drift,CROSS,IO-USD,2,0.501698,0.0,20.0,10.03396,2026-08-24
drift,CROSS,IP-USD,5,0.780134,0.0,0.0,0.0,2026-08-24
drift,CROSS,JTO-USD,10,0.276297,0.0,257890.0,71254.23333,2026-08-24
drift,CROSS,JUP-USD,10,0.159347,0.0,2741482.0,436846.932254,2026-08-24
drift,CROSS,KAITO-USD,5,0.354646,0.0,0.0,0.0,2026-08-24
drift,CROSS,KAMALA-USD,1,1e-06,0.0,0.0,0.0,2026-08-24
drift,CROSS,KMNO-USD,2,0.017543,0.0,7037604.0,123460.686972,2026-08-24
drift,CROSS,LANDO-USD,1,0.999999,0.0,0.0,0.0,2026-08-24
drift,CROSS,LAUNCHCOIN-USD,4,0.074973,0.0,0.0,0.0,2026-08-24
drift,CROSS,LINK-USD,10,8.982438,0.0,14194.0,127496.724972,2026-08-24
drift,CROSS,LIT-USD,10,0.8954,0.0,39994.0,35810.6276,2026-08-24
drift,CROSS,LNDO-USD,1,1e-06,0.0,0.0,0.0,2026-08-24
drift,CROSS,LTC-USD,10,54.148944,0.0,1409.8,76339.1812512,2026-08-24
drift,CROSS,ME-USD,5,0.112202,0.0,44.0,4.936888,2026-08-24
drift,CROSS,MELANIA-USD,4,0.166519,0.0,0.0,0.0,2026-08-24
drift,CROSS,MET-USD,5,0.142057,0.0,65267.0,9271.634219,2026-08-24
drift,CROSS,MICHI-USD,4,0.026661,0.0,272.0,7.251792,2026-08-24
drift,CROSS,MNT-USD,5,0.701329,0.0,3550.0,2489.7179499999997,2026-08-24
drift,CROSS,MOODENG-USD,4,0.142865,0.0,3148.0,449.73902,2026-08-24
drift,CROSS,MOTHER-USD,4,0.006176,0.0,3646.0,22.517696,2026-08-24
drift,CROSS,NBAFINALS25-USD,1,0.999999,0.0,18.0,17.999982,2026-08-24
drift,CROSS,NBAFINALS25-USD,1,1e-06,0.0,96.0,9.6e-05,2026-08-24
drift,CROSS,OP-USD,10,0.110815,0.0,106102.0,11757.69313,2026-08-24
drift,CROSS,PAXG-USD,10,4742.450817,0.0,164.871,781892.608649607,2026-08-24
drift,CROSS,PENGU-USD,5,0.006589,0.0,3603836.0,23745.675404,2026-08-24
drift,CROSS,PNUT-USD,4,0.190529,0.0,226.0,43.059554,2026-08-24
drift,CROSS,POL-USD,10,0.09403,0.0,76057.0,7151.63971,2026-08-24
drift,CROSS,POPCAT-USD,4,0.048489,0.0,514492.0,24947.202588,2026-08-24
drift,CROSS,PUMP-USD,5,0.005072,0.0,0.0,0.0,2026-08-24
drift,CROSS,PYTH-USD,10,0.039611,0.0,3126988.0,123863.121668,2026-08-24
drift,CROSS,RAY-USD,5,0.671279,0.0,173114.0,116207.792806,2026-08-24
drift,CROSS,RENDER-USD,10,1.785966,0.0,91395.0,163228.36257,2026-08-24
drift,CROSS,REPUBLICAN-USD,1,0.999999,0.0,0.0,0.0,2026-08-24
drift,CROSS,RLB-USD,5,0.067019,0.0,500.0,33.509499999999996,2026-08-24
drift,CROSS,SEI-USD,10,0.053745,0.0,234330.0,12594.06585,2026-08-24
drift,CROSS,SOL-USD,101,83.94523,0.0,771330.58,64749522.94413339,2026-08-24
drift,CROSS,SUI-USD,10,0.896383,0.0,609334.0,546196.6389220001,2026-08-24
drift,CROSS,SUPERBOWL-USD,1,1e-06,0.0,0.0,0.0,2026-08-24
drift,CROSS,SUPERBOWL-USD,1,1e-06,0.0,0.0,0.0,2026-08-24
drift,CROSS,TAO-USD,5,316.729676,0.0,2140.67,678013.71552292,2026-08-24
drift,CROSS,TIA-USD,10,0.30006,0.0,10967.5,3290.90805,2026-08-24
drift,CROSS,TNSR-USD,5,0.03875,0.0,1344236.0,52089.145,2026-08-24
drift,CROSS,TON-USD,10,1.229133,0.0,29621.0,36408.148593,2026-08-24
drift,CROSS,TRUMP-USD,1,0.999999,0.0,0.0,0.0,2026-08-24
drift,CROSS,TRUMP-USD,10,2.983583,0.0,5829.6,17393.0954568,2026-08-24
drift,CROSS,VRSTPN-USD,1,0.999999,0.0,0.0,0.0,2026-08-24
drift,CROSS,W-USD,5,0.01655,0.0,3918.0,64.8429,2026-08-24
drift,CROSS,WARWICK-USD,1,1e-06,0.0,0.0,0.0,2026-08-24
drift,CROSS,WIF-USD,10,0.185227,0.0,564382.0,104538.78471400001,2026-08-24
drift,CROSS,WLF-USD,1,0.999999,0.0,778.0,777.999222,2026-08-24
drift,CROSS,XPL-USD,10,0.10585,0.0,119317.0,12629.70445,2026-08-24
drift,CROSS,XRP-USD,20,1.348235,0.0,433227.0,584091.8043450001,2026-08-24
drift,CROSS,ZEC-USD,5,245.856067,0.0,2693.4,662188.7308578,2026-08-24
drift,CROSS,ZEX-USD,2,0.077934,0.0,14.0,1.0910760000000002,2026-08-24
dydx,CROSS,1INCH-USD,5,0.0904899944,2110.6549,223730.0,20245.326447112,2026-08-24
dydx,CROSS,2Z-USD,5,0.056458437,0.0,12900.0,728.3138373,2026-08-24
dydx,CROSS,AAVE-USD,10,137.78999999,17271.812,788.2,108606.07799211802,2026-08-24
dydx,ISOLATED,ACX-USD,5,0.0338499359,0.0,0.0,0.0,2026-08-24
dydx,CROSS,ADA-USD,10,0.2198868071,3094.727,752690.0,165506.600836099,2026-08-24
dydx,ISOLATED,AERGO-USD,20,0.05481761997,0.0,0.0,0.0,2026-08-24
dydx,ISOLATED,AERO-USD,20,0.312286543,0.0,0.0,0.0,2026-08-24
dydx,CROSS,AEVO-USD,5,0.019083589,0.0,0.0,0.0,2026-08-24
dydx,CROSS,AGIX-USD,5,0.5984417141,0.0,0.0,0.0,2026-08-24
dydx,ISOLATED,AI16Z-USD,20,0.055613316,0.0,0.0,0.0,2026-08-24
dydx,ISOLATED,AITECH-USD,20,0.00533721895,0.0,0.0,0.0,2026-08-24
dydx,ISOLATED,AIXBT-USD,20,0.0269906242,0.0,0.0,0.0,2026-08-24
dydx,ISOLATED,AKT-USD,20,0.512948715,0.0,0.0,0.0,2026-08-24
dydx,CROSS,ALGO-USD,5,0.0919299999,14578.1737,1366870.0,125656.358963313,2026-08-24
dydx,ISOLATED,ALPACA-USD,20,0.001849,0.0,0.0,0.0,2026-08-24
dydx,ISOLATED,ALT-USD,20,0.0076802888,0.0,0.0,0.0,2026-08-24
dydx,ISOLATED,AMPL-USD,20,1.2639972,0.0,0.0,0.0,2026-08-24
dydx,ISOLATED,ANIME-USD,5,0.004485,0.0,0.0,0.0,2026-08-24
dydx,CROSS,APE-USD,5,0.145258547,0.0,68470.0,9945.852713089998,2026-08-24
dydx,ISOLATED,API3-USD,20,0.2952295229,0.0,0.0,0.0,2026-08-24
dydx,CROSS,APT-USD,10,0.618,146.065,59829.0,36974.322,2026-08-24
dydx,ISOLATED,AR-USD,20,1.642,0.0,0.0,0.0,2026-08-24
dydx,CROSS,ARB-USD,10,0.099244045,4528.24307,725343.0,71985.97333243501,2026-08-24
dydx,CROSS,ARKM-USD,5,0.109449452,926.275,52205.0,5713.80864166,2026-08-24
dydx,CROSS,ASTER-USD,5,0.674393256,9954.68792,16501.0,11128.163117256,2026-08-24
dydx,CROSS,ASTR-USD,5,0.004905385,0.0,0.0,0.0,2026-08-24
dydx,CROSS,ATH-USD,5,0.00476071436,0.0,2226500.0,10599.730522540001,2026-08-24
dydx,CROSS,ATOM-USD,10,1.566492167,8915.42,42319.0,66292.382015273,2026-08-24
dydx,ISOLATED,AURORA-USD,20,0.15936812,0.0,0.0,0.0,2026-08-24
dydx,CROSS,AVAX-USD,10,7.468,1147.3246,6701.8,50049.0424,2026-08-24
dydx,CROSS,AVNT-USD,5,0.08440303657,0.0,0.0,0.0,2026-08-24
dydx,CROSS,AXL-USD,5,0.041599896,1324.414,250735.0,10430.54992356,2026-08-24
dydx,ISOLATED,AXS-USD,20,0.898330152,0.0,0.0,0.0,2026-08-24
dydx,ISOLATED,B3-USD,20,0.00039555,0.0,0.0,0.0,2026-08-24
dydx,ISOLATED,BABY-USD,20,0.01114460992,0.0,0.0,0.0,2026-08-24
dydx,ISOLATED,BABYDOGE-USD,20,4.06472652e-10,0.0,0.0,0.0,2026-08-24
dydx,ISOLATED,BADGER-USD,20,0.3598,0.0,0.0,0.0,2026-08-24
dydx,ISOLATED,BANANA-USD,20,3.33468674,0.0,0.0,0.0,2026-08-24
dydx,CROSS,BCH-USD,10,271.9,2213.142,50.88,13834.271999999999,2026-08-24
dydx,ISOLATED,BCUT-USD,20,0.04690073536,0.0,0.0,0.0,2026-08-24
dydx,CROSS,BEAM-USD,5,0.00139202558,0.0,0.0,0.0,2026-08-24
dydx,CROSS,BERA-USD,5,0.16073748,0.0,0.0,0.0,2026-08-24
dydx,ISOLATED,BICO-USD,20,0.020491404,0.0,0.0,0.0,2026-08-24
dydx,CROSS,BLAST-USD,5,0.00027029729,496.28985,437700.0,118.309123833,2026-08-24
dydx,CROSS,BLUR-USD,5,0.0164,0.0,1301070.0,21337.548000000003,2026-08-24
dydx,CROSS,BNB-USD,10,696.196519,10020.9565,193.19,134498.20550560998,2026-08-24
dydx,ISOLATED,BODEN-USD,20,0.0020638314,0.0,0.0,0.0,2026-08-24
dydx,ISOLATED,BOME-USD,20,0.000393064306,0.0,0.0,0.0,2026-08-24
dydx,CROSS,BONK-USD,10,3.16596834e-06,47.0365,2991500000.0,9470.99428911,2026-08-24
dydx,ISOLATED,BRETT-USD,20,0.0076632021,0.0,0.0,0.0,2026-08-24
dydx,CROSS,BTC-USD,50,77248.51,9522304.3577,233.7778,18058986.721078,2026-08-24
dydx,ISOLATED,BTRUMP-USD,20,1.09441211e-06,0.0,0.0,0.0,2026-08-24
dydx,ISOLATED,CAKE-USD,20,1.392116008,0.0,0.0,0.0,2026-08-24
dydx,ISOLATED,CETUS-USD,20,0.01596149037,0.0,0.0,0.0,2026-08-24
dydx,CROSS,CHZ-USD,5,0.01437,881.4063,89650.0,1288.2705,2026-08-24
dydx,ISOLATED,"CIG,RAYDIUM,EXRQAUXS967FDKYMNXO4EQZEQIHEUBSTBCXPXXWPUMP-USD",20,4.65475918e-05,0.0,0.0,0.0,2026-08-24
dydx,ISOLATED,CLV-USD,20,0.0061,0.0,0.0,0.0,2026-08-24
dydx,CROSS,COMP-USD,5,20.25434193,0.0,3360.1,68056.614318993,2026-08-24
dydx,ISOLATED,COOKIE-USD,20,0.01790089508,0.0,0.0,0.0,2026-08-24
dydx,ISOLATED,CORE-USD,20,0.02619738,0.0,0.0,0.0,2026-08-24
dydx,CROSS,CRO-USD,5,0.058115,7833.752,74100.0,4306.3215,2026-08-24
dydx,CROSS,CRV-USD,10,0.3231951521,1069.786,90660.0,29300.872489385998,2026-08-24
dydx,ISOLATED,CVX-USD,20,1.692,0.0,0.0,0.0,2026-08-24
dydx,ISOLATED,DAI-USD,5,1.000015027,0.0,0.0,0.0,2026-08-24
dydx,ISOLATED,DAKU-USD,20,1.5179178e-06,0.0,0.0,0.0,2026-08-24
dydx,ISOLATED,DASH-USD,5,29.61723366,0.0,0.0,0.0,2026-08-24
dydx,ISOLATED,DEGEN-USD,20,0.000664024581,0.0,0.0,0.0,2026-08-24
dydx,ISOLATED,DINNER-USD,20,0.00339191642976,0.0,0.0,0.0,2026-08-24
dydx,ISOLATED,DMAIL-USD,20,0.122414688,0.0,0.0,0.0,2026-08-24
dydx,ISOLATED,DODGERSWIN-USD,5,0.9995,0.0,0.0,0.0,2026-08-24
dydx,CROSS,DOGE-USD,10,0.09134908651,10102.63,2369300.0,216433.390668143,2026-08-24
dydx,CROSS,DOT-USD,10,0.905054744,1184.492,139530.0,126282.28843032,2026-08-24
dydx,CROSS,DRIFT-USD,5,0.012401319,0.0,0.0,0.0,2026-08-24
dydx,CROSS,DYDX-USD,5,0.11954947,2149.333,496646.0,59373.76607762,2026-08-24
dydx,CROSS,DYM-USD,5,0.01587,778.23544,303081.0,4809.8954699999995,2026-08-24
dydx,ISOLATED,EGLD-USD,20,4.5,0.0,0.0,0.0,2026-08-24
dydx,CROSS,EIGEN-USD,5,0.225586465,0.0,8969.0,2023.285004585,2026-08-24
dydx,ISOLATED,ELX-USD,20,0.0032877298,0.0,0.0,0.0,2026-08-24
dydx,CROSS,ENA-USD,5,0.16256,4545.0207,660430.0,107359.50080000001,2026-08-24
dydx,ISOLATED,ENJ-USD,20,0.0186202078,0.0,0.0,0.0,2026-08-24
dydx,CROSS,ENS-USD,5,4.24059519,0.0,0.0,0.0,2026-08-24
dydx,CROSS,EOS-USD,10,0.8167633526,0.0,0.0,0.0,2026-08-24
dydx,ISOLATED,ERA-USD,5,0.142194312,0.0,0.0,0.0,2026-08-24
dydx,ISOLATED,ES-USD,5,0.1310365521,0.0,0.0,0.0,2026-08-24
dydx,CROSS,ETC-USD,10,7.73576791,2117.9502,2088.5,16156.151280035,2026-08-24
dydx,CROSS,ETH-USD,50,2437.083444,19559957.5812,5036.754,12274989.784900775,2026-08-24
dydx,CROSS,ETHFI-USD,5,0.625090623,169.0282,21510.0,13445.699300729999,2026-08-24
dydx,ISOLATED,EUR-USD,20,1.169002126,22.363,2732.0,3193.7138082320002,2026-08-24
dydx,ISOLATED,EURC-USD,20,1.0356,0.0,0.0,0.0,2026-08-24
dydx,CROSS,"FARTCOIN,RAYDIUM,9BB6NFECJBCTNNLFKO2FQVQBQ8HHM13KCYYCDQBGPUMP-USD",5,0.1282085815,0.0,0.0,0.0,2026-08-24
dydx,CROSS,FET-USD,5,1.34838175,0.0,0.0,0.0,2026-08-24
dydx,CROSS,FIL-USD,10,0.7584,1.4964,77741.0,58958.774399999995,2026-08-24
dydx,CROSS,FLOKI-USD,5,2.09455475e-05,0.0,0.0,0.0,2026-08-24
dydx,ISOLATED,FLR-USD,20,0.00754420373,0.0,0.0,0.0,2026-08-24
dydx,ISOLATED,FORTH-USD,20,0.965324227,0.0,0.0,0.0,2026-08-24
dydx,ISOLATED,FOXY-USD,20,0.00472618214,0.0,0.0,0.0,2026-08-24
dydx,CROSS,FTM-USD,5,0.7723027697,0.0,0.0,0.0,2026-08-24
dydx,ISOLATED,G-USD,20,0.00328506886,0.0,0.0,0.0,2026-08-24
dydx,ISOLATED,GALA-USD,20,0.00348567429,0.0,0.0,0.0,2026-08-24
dydx,ISOLATED,GAS-USD,20,1.564066068,0.0,0.0,0.0,2026-08-24
dydx,ISOLATED,GHST-USD,20,0.7408518296,0.0,0.0,0.0,2026-08-24
dydx,ISOLATED,GLMR-USD,20,0.0126512651,0.0,0.0,0.0,2026-08-24
dydx,ISOLATED,GME-USD,20,0.002515523236,0.0,0.0,0.0,2026-08-24
dydx,ISOLATED,GMX-USD,20,6.72759143,0.0,0.0,0.0,2026-08-24
dydx,ISOLATED,GNO-USD,20,124.98,0.0,0.0,0.0,2026-08-24
dydx,ISOLATED,GOAT-USD,20,0.0167676285,0.0,0.0,0.0,2026-08-24
dydx,ISOLATED,GOONER-USD,5,1.65574e-06,0.0,0.0,0.0,2026-08-24
dydx,ISOLATED,GRASS-USD,20,0.2126,0.0,0.0,0.0,2026-08-24
dydx,CROSS,GRT-USD,10,0.0171897421,0.0,311950.0,5362.3400480949995,2026-08-24
dydx,ISOLATED,"HAWKTUAH,RAYDIUM,4GFE6MBDORSY5BLBIUMRGETR6PZCJYFXMDM5EHSGPUMP-USD",20,0.000182796282,0.0,0.0,0.0,2026-08-24
dydx,CROSS,HBAR-USD,5,0.0780380196,5802.7546,374140.0,29197.144653143998,2026-08-24
dydx,ISOLATED,HNT-USD,20,1.011366705,0.0,0.0,0.0,2026-08-24
dydx,ISOLATED,HOLO-USD,5,0.0613130658,0.0,0.0,0.0,2026-08-24
dydx,ISOLATED,HUMA-USD,5,0.018085,0.0,0.0,0.0,2026-08-24
dydx,CROSS,HYPE-USD,5,80.40017611,57084.5811,2305.9,185394.76609204902,2026-08-24
dydx,CROSS,ICP-USD,5,2.3751,10836.1442,20713.3,49196.15883,2026-08-24
dydx,ISOLATED,ID-USD,20,0.0427192719,0.0,0.0,0.0,2026-08-24
dydx,CROSS,IMX-USD,5,0.129059354,239.36,111026.0,14328.943837203999,2026-08-24
dydx,CROSS,INJ-USD,5,5.398,9707.192,9395.9,50719.068199999994,2026-08-24
dydx,ISOLATED,IO-USD,20,0.140799296,0.0,0.0,0.0,2026-08-24
dydx,ISOLATED,IOTA-USD,5,0.062559,0.0,0.0,0.0,2026-08-24
dydx,ISOLATED,IOTX-USD,20,0.00449491026,0.0,0.0,0.0,2026-08-24
dydx,ISOLATED,IP-USD,20,0.501014577,0.0,0.0,0.0,2026-08-24
dydx,ISOLATED,JASMY-USD,20,0.00527673617,0.0,0.0,0.0,2026-08-24
dydx,CROSS,JTO-USD,5,0.58929116,0.0,14033.0,8269.522848280001,2026-08-24
dydx,CROSS,JUP-USD,5,0.209297907,2776.912,110110.0,23045.792539770002,2026-08-24
dydx,CROSS,KAITO-USD,5,0.5754791484,0.0,0.0,0.0,2026-08-24
dydx,ISOLATED,KAS-USD,20,0.0302522057,0.0,0.0,0.0,2026-08-24
dydx,ISOLATED,KDA-USD,20,0.0373887833,0.0,0.0,0.0,2026-08-24
dydx,ISOLATED,KERNEL-USD,20,0.0871,0.0,0.0,0.0,2026-08-24
dydx,ISOLATED,KOMA-USD,20,0.00630372831,0.0,0.0,0.0,2026-08-24
dydx,ISOLATED,KRL-USD,20,0.1484814393,0.0,0.0,0.0,2026-08-24
dydx,ISOLATED,KSM-USD,20,4.46,0.0,0.0,0.0,2026-08-24
dydx,ISOLATED,LA-USD,20,0.2192051411,0.0,0.0,0.0,2026-08-24
dydx,ISOLATED,LAYER-USD,20,0.0898544904,0.0,0.0,0.0,2026-08-24
dydx,CROSS,LDO-USD,5,0.39,387.556,86199.0,33617.61,2026-08-24
dydx,ISOLATED,LINEA-USD,5,0.00327183641,0.0,0.0,0.0,2026-08-24
dydx,CROSS,LINK-USD,10,11.367886322,6392.053,29645.0,337000.99001569,2026-08-24
dydx,CROSS,LIT-USD,5,3.653,15.803,7785.0,28438.605,2026-08-24
dydx,ISOLATED,LPT-USD,20,2.29699999,0.0,0.0,0.0,2026-08-24
dydx,CROSS,LTC-USD,10,51.61961286,24328.216,10609.5,547658.2826381699,2026-08-24
dydx,ISOLATED,LUCE-USD,20,0.0081183763,0.0,0.0,0.0,2026-08-24
dydx,ISOLATED,LUNC-USD,5,4.166178957e-05,0.0,0.0,0.0,2026-08-24
dydx,ISOLATED,"MAD,RAYDIUM,MADHPJRN6BD8T78RSY7NUSUNWWA2HU8BYPOBZPRHBHV-USD",20,1.17181959e-05,0.0,0.0,0.0,2026-08-24
dydx,ISOLATED,MAGIC-USD,20,0.0644,0.0,0.0,0.0,2026-08-24
dydx,ISOLATED,MAJOR-USD,20,0.062319404,0.0,0.0,0.0,2026-08-24
dydx,CROSS,MANA-USD,5,0.0746955183,0.0,4630.0,345.840249729,2026-08-24
dydx,ISOLATED,MASK-USD,20,0.431525115,0.0,0.0,0.0,2026-08-24
dydx,CROSS,MATIC-USD,10,0.3932407381,0.0,0.0,0.0,2026-08-24
dydx,ISOLATED,MAVIA-USD,20,0.256523043,0.0,0.0,0.0,2026-08-24
dydx,ISOLATED,ME-USD,20,0.0993,0.0,0.0,0.0,2026-08-24
dydx,ISOLATED,MELANIA-USD,20,0.104585,0.0,0.0,0.0,2026-08-24
dydx,CROSS,MET-USD,5,0.1683431023,0.0,0.0,0.0,2026-08-24
dydx,ISOLATED,MEW-USD,20,0.000598005368,0.0,0.0,0.0,2026-08-24
dydx,ISOLATED,MICHI-USD,20,0.0015868696,0.0,0.0,0.0,2026-08-24
dydx,CROSS,MKR-USD,5,1763.39,0.0,0.0,0.0,2026-08-24
dydx,ISOLATED,MNRY-USD,20,2.880185e-05,0.0,0.0,0.0,2026-08-24
dydx,CROSS,MNT-USD,5,0.50355,276.868,21140.0,10645.047,2026-08-24
dydx,ISOLATED,MOCA-USD,20,0.01487400638,0.0,0.0,0.0,2026-08-24
dydx,ISOLATED,MOG-USD,20,1.523e-07,0.0,0.0,0.0,2026-08-24
dydx,CROSS,MON-USD,5,0.03012,93.7986,501100.0,15093.132,2026-08-24
dydx,ISOLATED,MOODENG-USD,20,0.04888,0.0,0.0,0.0,2026-08-24
dydx,CROSS,MORPHO-USD,5,2.766258506,63.608,405.0,1120.3346949299998,2026-08-24
dydx,ISOLATED,MOTHER-USD,20,0.0115072852,0.0,0.0,0.0,2026-08-24
dydx,CROSS,MOVE-USD,5,0.0081299187,0.0,8000.0,65.03934960000001,2026-08-24
dydx,ISOLATED,NC-USD,20,0.00087498681,0.0,0.0,0.0,2026-08-24
dydx,CROSS,NEAR-USD,10,2.0399796,10845.64,43412.0,88559.59439520001,2026-08-24
dydx,ISOLATED,NEIRO-USD,20,0.00031199999,0.0,0.0,0.0,2026-08-24
dydx,ISOLATED,NEO-USD,20,2.54025402,0.0,0.0,0.0,2026-08-24
dydx,ISOLATED,NEWT-USD,20,0.0733686686,0.0,0.0,0.0,2026-08-24
dydx,ISOLATED,NFT-USD,20,3.341334133e-07,0.0,0.0,0.0,2026-08-24
dydx,ISOLATED,NIL-USD,20,0.0479476027,0.0,0.0,0.0,2026-08-24
dydx,ISOLATED,NMR-USD,20,7.88539403,0.0,0.0,0.0,2026-08-24
dydx,ISOLATED,NOT-USD,20,0.00041384138,0.0,0.0,0.0,2026-08-24
dydx,ISOLATED,"OCEAN,UNISWAP_V3_BASE,0X1D8148823C46B9C55B678CA84BEB82BC3523ADB1-USD",20,1.3849e-06,0.0,0.0,0.0,2026-08-24
dydx,ISOLATED,OM-USD,20,0.06827,0.0,0.0,0.0,2026-08-24
dydx,ISOLATED,OMNI-USD,5,3.699981184,0.0,0.0,0.0,2026-08-24
dydx,CROSS,ONDO-USD,5,0.37,9637.157,291794.0,107963.78,2026-08-24
dydx,ISOLATED,ONT-USD,20,0.0443222162,0.0,0.0,0.0,2026-08-24
dydx,CROSS,OP-USD,10,0.1094973,140.99199,312541.0,34222.395639300004,2026-08-24
dydx,ISOLATED,ORCA-USD,20,0.903547008,0.0,0.0,0.0,2026-08-24
dydx,ISOLATED,ORDER-USD,20,0.0522668029,0.0,0.0,0.0,2026-08-24
dydx,CROSS,ORDI-USD,5,4.04495955,114.1394,6943.8,28087.39012329,2026-08-24
dydx,ISOLATED,OSMO-USD,5,0.0329,0.0,0.0,0.0,2026-08-24
dydx,ISOLATED,PAIN-USD,20,1.329747e-06,0.0,0.0,0.0,2026-08-24
dydx,CROSS,PAXG-USD,5,4612.620811,24412.399,31.556,145555.862311916,2026-08-24
dydx,ISOLATED,PEAQ-USD,20,0.0142864286,0.0,0.0,0.0,2026-08-24
dydx,CROSS,PENDLE-USD,5,1.814959398,570.984,8823.0,16013.386768554,2026-08-24
dydx,CROSS,PENGU-USD,5,0.00955890441,1450.9676,1104600.0,10558.765811285999,2026-08-24
dydx,CROSS,PEOPLE-USD,5,0.00729500292,0.0,0.0,0.0,2026-08-24
dydx,CROSS,PEPE-USD,10,3.993e-06,46241.624,5370000000.0,21442.41,2026-08-24
dydx,ISOLATED,PERP-USD,20,0.0333508325,0.0,0.0,0.0,2026-08-24
dydx,ISOLATED,PI-USD,20,0.0890899945,0.0,10.0,0.890899945,2026-08-24
dydx,ISOLATED,PIPPIN-USD,5,0.0363922934,0.0,0.0,0.0,2026-08-24
dydx,ISOLATED,PIRATE-USD,20,0.0041347084,0.0,0.0,0.0,2026-08-24
dydx,ISOLATED,PIXEL-USD,20,0.0051095,0.0,0.0,0.0,2026-08-24
dydx,ISOLATED,PNUT-USD,20,0.045533183,0.0,0.0,0.0,2026-08-24
dydx,CROSS,POL-USD,5,0.1062489375,3500.122,211760.0,22499.275005,2026-08-24
dydx,CROSS,POPCAT-USD,5,0.043039872,0.0,0.0,0.0,2026-08-24
dydx,ISOLATED,"POWSCHE,RAYDIUM,8CKISHHJDHJV4LUOIRMLUHQG58CUKBYJRTCP4Z3MCXNF-USD",20,0.02033770575,0.0,0.0,0.0,2026-08-24
dydx,ISOLATED,PRIME-USD,20,0.44569954,0.0,0.0,0.0,2026-08-24
dydx,ISOLATED,PROMPT-USD,5,0.0412720627,0.0,0.0,0.0,2026-08-24
dydx,ISOLATED,PROVE-USD,5,0.2665914996,0.0,0.0,0.0,2026-08-24
dydx,CROSS,PUMP-USD,5,0.005005475621,9113.4073,4618000.0,23115.286417778,2026-08-24
dydx,CROSS,PYTH-USD,5,0.05077,1991.8988,3145160.0,159679.7732,2026-08-24
dydx,ISOLATED,QNT-USD,20,64.109,0.0,0.0,0.0,2026-08-24
dydx,ISOLATED,QTUM-USD,20,0.888264959,0.0,0.0,0.0,2026-08-24
dydx,ISOLATED,RAY-USD,20,0.618038196,0.0,0.0,0.0,2026-08-24
dydx,ISOLATED,REN-USD,20,0.02525494901,0.0,0.0,0.0,2026-08-24
dydx,CROSS,RENDER-USD,5,1.48098519,70.434,4670.0,6916.2008373,2026-08-24
dydx,ISOLATED,RETARDIO-USD,20,0.0392881969,0.0,0.0,0.0,2026-08-24
dydx,ISOLATED,REZ-USD,20,0.00292502603,0.0,0.0,0.0,2026-08-24
dydx,CROSS,RUNE-USD,5,0.469958081,58.3048,80072.0,37630.483461832,2026-08-24
dydx,CROSS,S-USD,5,0.0259051311,0.0,0.0,0.0,2026-08-24
dydx,ISOLATED,SAFE-USD,20,0.100745037,0.0,0.0,0.0,2026-08-24
dydx,ISOLATED,SAGA-USD,20,0.02929956,0.0,0.0,0.0,2026-08-24
dydx,ISOLATED,SATS-USD,20,1.11952424e-08,0.0,0.0,0.0,2026-08-24
dydx,ISOLATED,SCRT-USD,20,0.2287813655,0.0,0.0,0.0,2026-08-24
dydx,ISOLATED,SDM-USD,20,0.00024722472,0.0,0.0,0.0,2026-08-24
dydx,CROSS,SEI-USD,5,0.0468197659,792.5751,1663080.0,77865.01627297199,2026-08-24
dydx,CROSS,SHIB-USD,10,5.4295e-06,64564.405,8276000000.0,44934.542,2026-08-24
dydx,ISOLATED,SIGN-USD,20,0.04927,0.0,0.0,0.0,2026-08-24
dydx,ISOLATED,SKITTEN-USD,20,0.018995336972,0.0,0.0,0.0,2026-08-24
dydx,ISOLATED,SKL-USD,20,0.0068361709,0.0,0.0,0.0,2026-08-24
dydx,ISOLATED,SKY-USD,5,0.05934513955,0.0,0.0,0.0,2026-08-24
dydx,CROSS,SNX-USD,5,0.224787637,0.0,46796.0,10519.162261052,2026-08-24
dydx,CROSS,SOL-USD,20,94.225,2982888.103,64796.0,6105403.1,2026-08-24
dydx,ISOLATED,SOPH-USD,20,0.00927,0.0,0.0,0.0,2026-08-24
dydx,CROSS,SPX-USD,5,0.4539296877,0.0,1280.0,581.030000256,2026-08-24
dydx,ISOLATED,SSV-USD,20,2.812,0.0,0.0,0.0,2026-08-24
dydx,ISOLATED,STEEM-USD,20,0.05963,0.0,0.0,0.0,2026-08-24
dydx,CROSS,STRK-USD,5,0.027469862,0.0,1282564.0,35231.856086168,2026-08-24
dydx,CROSS,STX-USD,10,0.224744295,4568.9186,14059.0,3159.680043405,2026-08-24
dydx,CROSS,SUI-USD,10,0.8282,2008.59,92490.0,76600.21800000001,2026-08-24
dydx,ISOLATED,SUNDOG-USD,20,0.0064856161,0.0,0.0,0.0,2026-08-24
dydx,ISOLATED,SUSHI-USD,20,0.209020902,0.0,0.0,0.0,2026-08-24
dydx,CROSS,SYRUP-USD,5,0.1523473893,0.0,0.0,0.0,2026-08-24
dydx,ISOLATED,TAIKO-USD,20,0.119311334,0.0,0.0,0.0,2026-08-24
dydx,CROSS,TAO-USD,5,235.1482368,18604.1181,379.64,89271.676618752,2026-08-24
dydx,ISOLATED,THE-USD,20,0.265408832,0.0,0.0,0.0,2026-08-24
dydx,ISOLATED,THETA-USD,20,0.182718271,0.0,0.0,0.0,2026-08-24
dydx,CROSS,TIA-USD,10,0.37384626,0.0,118735.5,44388.82260423,2026-08-24
dydx,ISOLATED,TIBBIR-USD,20,1.4820371e-06,0.0,0.0,0.0,2026-08-24
dydx,ISOLATED,TLOS-USD,20,0.0138306223,0.0,0.0,0.0,2026-08-24
dydx,CROSS,TON-USD,5,1.723178673,0.0,0.0,0.0,2026-08-24
dydx,ISOLATED,TRB-USD,20,14.6492675,0.0,0.0,0.0,2026-08-24
dydx,ISOLATED,TREE-USD,5,0.0683007969,0.0,0.0,0.0,2026-08-24
dydx,ISOLATED,TREMP-USD,20,0.0522455407,0.0,0.0,0.0,2026-08-24
dydx,ISOLATED,TROY-USD,20,1.57315731e-05,0.0,0.0,0.0,2026-08-24
dydx,CROSS,TRUMP-USD,5,2.51152465,6077.36471,11193.1,28111.746559915002,2026-08-24
dydx,ISOLATED,TRUMPWIN-USD,20,1.0,0.0,0.0,0.0,2026-08-24
dydx,CROSS,TRX-USD,10,0.34329197166,24061.8,691500.0,237386.39840289,2026-08-24
dydx,ISOLATED,TRY-USD,100,0.02245255713,0.0,0.0,0.0,2026-08-24
dydx,ISOLATED,TSLAX-USD,5,365.1799058,721.0,0.26,94.946775508,2026-08-24
dydx,ISOLATED,TURBO-USD,20,0.000996599659,0.0,0.0,0.0,2026-08-24
dydx,ISOLATED,UMA-USD,20,0.43845,0.0,0.0,0.0,2026-08-24
dydx,CROSS,UNI-USD,10,4.411449999,11052.2986,36921.0,162875.145413079,2026-08-24
dydx,ISOLATED,USDE-USD,20,0.9995000499,0.0,0.0,0.0,2026-08-24
dydx,ISOLATED,USELESS-USD,5,0.0711036237,0.0,0.0,0.0,2026-08-24
dydx,CROSS,USUAL-USD,5,0.012185878,0.0,193890.0,2362.71988542,2026-08-24
dydx,ISOLATED,VET-USD,20,0.00732,0.0,0.0,0.0,2026-08-24
dydx,ISOLATED,VINE-USD,20,0.0172361203,0.0,0.0,0.0,2026-08-24
dydx,ISOLATED,VIRTUAL-USD,20,0.761526152,0.0,0.0,0.0,2026-08-24
dydx,ISOLATED,VOXEL-USD,20,0.0084,0.0,0.0,0.0,2026-08-24
dydx,ISOLATED,VRTX-USD,20,0.0646862886,0.0,0.0,0.0,2026-08-24
dydx,ISOLATED,VVV-USD,20,16.506763567,0.0,0.0,0.0,2026-08-24
dydx,CROSS,W-USD,5,0.0094733584,0.0,514600.0,4874.99023264,2026-08-24
dydx,ISOLATED,WBTC-USD,20,101929.20057,0.0,0.0,0.0,2026-08-24
dydx,ISOLATED,WCT-USD,20,0.0599259925,0.0,0.0,0.0,2026-08-24
dydx,CROSS,WIF-USD,10,0.19915,0.0,177350.0,35319.2525,2026-08-24
dydx,CROSS,WLD-USD,10,0.3946,7786.7016,160916.0,63497.4536,2026-08-24
dydx,CROSS,WLFI-USD,5,0.0576562524,12186.0273,77400.0,4462.59393576,2026-08-24
dydx,CROSS,WOO-USD,10,0.011794941,25331.83939,741480.0,8745.71285268,2026-08-24
dydx,ISOLATED,WSTETH-USD,20,2448.163776,0.0,0.0,0.0,2026-08-24
dydx,CROSS,WTI-USD,5,85.29206,0.0,243.8,20794.204228000002,2026-08-24
dydx,CROSS,XAG-USD,5,68.6845,1597.152,185.0,12706.6325,2026-08-24
dydx,ISOLATED,XAI-USD,20,0.0096148557,0.0,0.0,0.0,2026-08-24
dydx,ISOLATED,XAUT-USD,5,4159.587169,0.0,0.0,0.0,2026-08-24
dydx,ISOLATED,XDC-USD,5,0.0267610701,0.0,0.0,0.0,2026-08-24
dydx,CROSS,XLM-USD,10,0.19399806,6159.438,239040.0,46373.2962624,2026-08-24
dydx,CROSS,XMR-USD,5,416.1000346,6874.8745,236.67,98478.395188782,2026-08-24
dydx,CROSS,XPL-USD,5,0.09969,0.0,83340.0,8308.1646,2026-08-24
dydx,CROSS,XRP-USD,10,1.4745852542,111434.281,338650.0,499368.29633483,2026-08-24
dydx,ISOLATED,XTZ-USD,20,0.3694184718,0.0,0.0,0.0,2026-08-24
dydx,ISOLATED,XYO-USD,20,0.004046596364,0.0,0.0,0.0,2026-08-24
dydx,ISOLATED,YFI-USD,20,2452.23,0.0,0.0,0.0,2026-08-24
dydx,ISOLATED,ZBCN-USD,20,0.0010295940811,0.0,0.0,0.0,2026-08-24
dydx,CROSS,ZEC-USD,5,834.16065847,121372.842,358.3,298879.763929801,2026-08-24
dydx,CROSS,ZEN-USD,5,5.444486382,0.0,906.0,4932.704662092,2026-08-24
dydx,ISOLATED,ZEREBRO-USD,20,0.006969303,0.0,0.0,0.0,2026-08-24
dydx,ISOLATED,ZERO-USD,20,0.0001357133475,0.0,0.0,0.0,2026-08-24
dydx,ISOLATED,ZETA-USD,20,0.0518851885,0.0,0.0,0.0,2026-08-24
dydx,CROSS,ZK-USD,5,0.0089795061,0.0,1782040.0,16001.839050444,2026-08-24
dydx,CROSS,ZORA-USD,5,0.006796,0.0,51700.0,351.3532,2026-08-24
dydx,CROSS,ZRO-USD,5,1.152094239,60.221,17810.0,20518.79839659,2026-08-24
dydx,ISOLATED,ZRX-USD,20,0.1038794377,0.0,0.0,0.0,2026-08-24
hyperliquid,CROSS,0G-USD,3,0.1619,173601.67408,819582.0,132690.3258,2026-08-24
hyperliquid,CROSS,2Z-USD,3,0.05642,123405.796409,8292912.0,467886.09504,2026-08-24
hyperliquid,CROSS,AAVE-USD,10,137.7393,46374304.41859993,774343.5800000001,106657542.668694,2026-08-24
hyperliquid,CROSS,ACE-USD,3,0.2417,1974648.288777999,8638031.440000001,2087812.1990480004,2026-08-24
hyperliquid,CROSS,ADA-USD,10,0.2199,8712407.56954,160949104.0,35392707.9696,2026-08-24
hyperliquid,CROSS,AERO-USD,3,0.4698,4414545.052349999,22114336.0,10389315.0528,2026-08-24
hyperliquid,CROSS,AI-USD,3,0.1257,0.0,0.0,0.0,2026-08-24
hyperliquid,CROSS,AI16Z-USD,5,0.06153,0.0,0.0,0.0,2026-08-24
hyperliquid,CROSS,AIXBT-USD,3,0.020695,512598.0636089999,28781992.0,595643.32444,2026-08-24
hyperliquid,CROSS,ALGO-USD,5,0.091925,677435.2318719993,23826736.0,2190272.7068000003,2026-08-24
hyperliquid,CROSS,ALT-USD,3,0.00642,94965.857651,104927126.0,673632.1489200001,2026-08-24
hyperliquid,CROSS,ANIME-USD,3,0.00279,76053.130431,66508408.0,185558.45832,2026-08-24
hyperliquid,CROSS,APE-USD,5,0.1452,229627.553455,7206012.4,1046313.00048,2026-08-24
hyperliquid,CROSS,APEX-USD,3,0.29875,1437688.3789600006,9257504.0,2765679.3200000003,2026-08-24
hyperliquid,CROSS,APT-USD,10,0.618,3552503.505535,5734976.04,3544215.19272,2026-08-24
hyperliquid,CROSS,AR-USD,5,2.162,636665.5571689998,590654.5599999999,1276995.1587199997,2026-08-24
hyperliquid,CROSS,ARB-USD,10,0.0993,2514218.606234,47451919.2,4711975.57656,2026-08-24
hyperliquid,CROSS,ARK-USD,3,0.1066,0.0,0.0,0.0,2026-08-24
hyperliquid,CROSS,ASTER-USD,5,0.674578,14720461.12098,37467340.0,25274643.28252,2026-08-24
hyperliquid,CROSS,ATOM-USD,5,1.5675,681589.7633609999,1369505.4,2146699.7145,2026-08-24
hyperliquid,CROSS,AVAX-USD,10,7.4718,5379165.668852001,2047587.2199999997,15299162.190395998,2026-08-24
hyperliquid,CROSS,AVNT-USD,5,0.09914,227212.9172279999,5140136.0,509593.08304000006,2026-08-24
hyperliquid,CROSS,AXS-USD,5,0.98335,249866.694064,323571.6,318184.13285999995,2026-08-24
hyperliquid,CROSS,AZTEC-USD,3,0.013786,144584.7526339999,38907006.0,536371.984716,2026-08-24
hyperliquid,CROSS,BABY-USD,3,0.012488,95916.887412,11861648.0,148128.260224,2026-08-24
hyperliquid,CROSS,BADGER-USD,5,0.88959,0.0,0.0,0.0,2026-08-24
hyperliquid,CROSS,BANANA-USD,3,3.92474,110684.39557,63323.8,248529.450812,2026-08-24
hyperliquid,CROSS,BCH-USD,10,271.95,1973331.3955699992,20030.422,5447273.2628999995,2026-08-24
hyperliquid,CROSS,BERA-USD,5,0.18277,400082.0385110002,7503753.799999999,1371461.0820259997,2026-08-24
hyperliquid,CROSS,BIGTIME-USD,3,0.006425,156377.069434,24964800.0,160398.84,2026-08-24
hyperliquid,CROSS,BIO-USD,3,0.029195,285477.504064,55517414.0,1620830.90173,2026-08-24
hyperliquid,CROSS,BLAST-USD,3,0.000458,0.0,0.0,0.0,2026-08-24
hyperliquid,CROSS,BLUR-USD,3,0.016342,303152.2082610001,105858508.0,1729939.737736,2026-08-24
hyperliquid,CROSS,BLZ-USD,5,0.070028,0.0,0.0,0.0,2026-08-24
hyperliquid,CROSS,BNB-USD,10,696.15,12332652.387260001,69406.936,48317638.4964,2026-08-24
hyperliquid,CROSS,BNT-USD,3,0.38349,0.0,0.0,0.0,2026-08-24
hyperliquid,CROSS,BOME-USD,3,0.001165,1478738.0353239996,4279553518.0,4985679.848470001,2026-08-24
hyperliquid,CROSS,BRETT-USD,3,0.005393,269724.034565,40604384.0,218979.442912,2026-08-24
hyperliquid,CROSS,BSV-USD,3,16.735,178926.93771,39703.06,664430.7091,2026-08-24
hyperliquid,CROSS,BTC-USD,40,77242.0,2601939111.934578,37456.73374,2893233027.54508,2026-08-24
hyperliquid,CROSS,CAKE-USD,3,1.7275,308496.8695700001,760018.0,1312931.095,2026-08-24
hyperliquid,CROSS,CANTO-USD,5,0.06598,0.0,0.0,0.0,2026-08-24
hyperliquid,CROSS,CASHCAT-USD,3,0.142856,15033497.903869992,125181352.0,17882907.221312,2026-08-24
hyperliquid,CROSS,CATI-USD,3,0.08275,0.0,0.0,0.0,2026-08-24
hyperliquid,CROSS,CC-USD,3,0.120631,1242881.71406,30901556.0,3727685.601836,2026-08-24
hyperliquid,CROSS,CELO-USD,3,0.07476,97369.4058,2277074.0,170234.05224,2026-08-24
hyperliquid,CROSS,CFX-USD,5,0.04816,516235.0171599999,49414600.0,2379807.136,2026-08-24
hyperliquid,CROSS,CHILLGUY-USD,3,0.012612,0.0,0.0,0.0,2026-08-24
hyperliquid,CROSS,CHIP-USD,3,0.03185,2661233.4879929996,138675388.0,4416811.1078,2026-08-24
hyperliquid,CROSS,COMP-USD,5,20.255,630216.24831,43789.56,886957.5377999999,2026-08-24
hyperliquid,CROSS,CRV-USD,10,0.3232,14795396.600739997,45616930.6,14743391.96992,2026-08-24
hyperliquid,CROSS,CYBER-USD,3,1.043,0.0,0.0,0.0,2026-08-24
hyperliquid,CROSS,DASH-USD,5,41.285,1370214.3092800006,19395.04,800724.2263999999,2026-08-24
hyperliquid,CROSS,DOGE-USD,10,0.091379,24194443.52463398,836093812.0,76401416.446748,2026-08-24
hyperliquid,CROSS,DOOD-USD,3,0.001412,0.0,0.0,0.0,2026-08-24
hyperliquid,CROSS,DOT-USD,10,0.9054,1427949.5490799998,4591620.0,4157252.748,2026-08-24
hyperliquid,CROSS,DYDX-USD,5,0.11958,220569.5818049999,14224724.6,1700992.567668,2026-08-24
hyperliquid,CROSS,DYM-USD,3,0.01586,432187.1993140001,19343652.6,306790.330236,2026-08-24
hyperliquid,CROSS,EIGEN-USD,5,0.2256,1879467.489792,13502380.7,3046137.08592,2026-08-24
hyperliquid,CROSS,ENA-USD,10,0.16253,79656049.95122005,344306166.0,55960081.15998,2026-08-24
hyperliquid,CROSS,ENS-USD,5,5.68,793233.6953720005,418609.6,2377702.528,2026-08-24
hyperliquid,CROSS,ETC-USD,5,7.7364,263653.930147,197494.78,1527898.6159919999,2026-08-24
hyperliquid,CROSS,ETH-USD,25,2437.1,1592765358.0883505,798269.4558000002,1945462490.7301805,2026-08-24
hyperliquid,CROSS,ETHFI-USD,5,0.62532,8671966.411989,26068074.2,16300888.158744,2026-08-24
hyperliquid,CROSS,FARTCOIN-USD,10,0.1743,45678888.52863702,185262935.2,32291329.60536,2026-08-24
hyperliquid,CROSS,FET-USD,5,0.16182,2903363.5858000005,40274062.0,6517148.712839999,2026-08-24
hyperliquid,CROSS,FIL-USD,5,0.7585,406997.987829,2474290.1999999997,1876749.1166999997,2026-08-24
hyperliquid,CROSS,FOGO-USD,3,0.009165,94154.382407,39684902.0,363712.12682999996,2026-08-24
hyperliquid,CROSS,FRIEND-USD,3,0.47734,0.0,0.0,0.0,2026-08-24
hyperliquid,CROSS,FTM-USD,10,0.712,0.0,0.0,0.0,2026-08-24
hyperliquid,CROSS,FTT-USD,3,0.32065,0.0,0.0,0.0,2026-08-24
hyperliquid,CROSS,FXS-USD,5,0.649,0.0,0.0,0.0,2026-08-24
hyperliquid,CROSS,GALA-USD,3,0.001911,176095.0440609999,167732630.0,320537.05593,2026-08-24
hyperliquid,CROSS,GAS-USD,3,1.2047,106602.66046,81852.2,98607.34534,2026-08-24
hyperliquid,CROSS,GMT-USD,3,0.007307,87159.511804,19720606.0,144098.468042,2026-08-24
hyperliquid,CROSS,GMX-USD,3,7.48,829647.711164,95277.64,712676.7472,2026-08-24
hyperliquid,CROSS,GOAT-USD,3,0.01525,79813.360259,9994866.0,152421.7065,2026-08-24
hyperliquid,CROSS,GRAM-USD,5,1.4655,6251756.780800003,17958796.0,26318615.538,2026-08-24
hyperliquid,CROSS,GRASS-USD,3,0.35773,3991166.3949949993,28734047.4,10279030.776401998,2026-08-24
hyperliquid,CROSS,GRIFFAIN-USD,3,0.012261,44770.178115,69086896.0,847074.431856,2026-08-24
hyperliquid,CROSS,HBAR-USD,5,0.078059,2595840.248182001,69207186.0,5402243.731974,2026-08-24
hyperliquid,CROSS,HEMI-USD,3,0.009032,871996.8103500002,130692976.0,1180418.959232,2026-08-24
hyperliquid,CROSS,HMSTR-USD,3,0.000185,68631.70158,4706456662.0,870694.4824699999,2026-08-24
hyperliquid,CROSS,HPOS-USD,3,0.042203,0.0,0.0,0.0,2026-08-24
hyperliquid,CROSS,HYPE-USD,10,80.492,715955064.6035498,24989137.759999998,2011425676.57792,2026-08-24
hyperliquid,CROSS,HYPER-USD,3,0.066655,145565.75361,2821918.0,188094.94429,2026-08-24
hyperliquid,CROSS,ICP-USD,5,2.3772,1925717.2114499998,1212077.6,2881350.8707200005,2026-08-24
hyperliquid,CROSS,ILV-USD,3,12.14,0.0,0.0,0.0,2026-08-24
hyperliquid,CROSS,IMX-USD,5,0.12917,685501.9695380004,19365484.4,2501439.6199479997,2026-08-24
hyperliquid,CROSS,INIT-USD,3,0.05545,104286.4614949999,6333084.0,351169.5078,2026-08-24
hyperliquid,CROSS,INJ-USD,5,5.40188,2557026.0098799984,666983.0,3602962.1280400003,2026-08-24
hyperliquid,CROSS,IO-USD,3,0.14085,154082.8455679999,3666872.0,516478.9212,2026-08-24
hyperliquid,CROSS,IOTA-USD,3,0.04495,230187.303343,13914968.0,625477.8115999999,2026-08-24
hyperliquid,CROSS,IP-USD,3,0.31155,0.0,0.0,0.0,2026-08-24
hyperliquid,CROSS,JELLY-USD,3,0.03719,0.0,0.0,0.0,2026-08-24
hyperliquid,CROSS,JTO-USD,5,0.5893,1800230.8993100005,10730504.0,6323486.007200001,2026-08-24
hyperliquid,CROSS,JUP-USD,10,0.209406,2510618.4299500003,46140514.0,9662100.474684,2026-08-24
hyperliquid,CROSS,KAITO-USD,5,0.3403,1170675.92421,13224458.0,4500283.0574,2026-08-24
hyperliquid,CROSS,KAS-USD,3,0.028577,172511.030678,38257756.0,1093291.8932120001,2026-08-24
hyperliquid,CROSS,KBONK-USD,10,0.003168,4765695.2328900015,2349924078.0,7444559.479103999,2026-08-24
hyperliquid,CROSS,KDOGS-USD,3,0.13675,0.0,0.0,0.0,2026-08-24
hyperliquid,CROSS,KFLOKI-USD,5,0.026713,265735.7848559999,17897264.0,478089.61323200003,2026-08-24
hyperliquid,CROSS,KLUNC-USD,3,0.05422,167807.630834,7101112.0,385022.29264,2026-08-24
hyperliquid,CROSS,KNEIRO-USD,3,0.09126,415035.3407379999,2423786.8,221194.78336799997,2026-08-24
hyperliquid,CROSS,KPEPE-USD,10,0.003998,25532639.88399401,6743515766.0,26960576.032468,2026-08-24
hyperliquid,CROSS,KSHIB-USD,10,0.005433,1384180.3705739994,590915586.0,3210444.378738,2026-08-24
hyperliquid,CROSS,LAUNCHCOIN-USD,3,0.06012,0.0,0.0,0.0,2026-08-24
hyperliquid,CROSS,LAYER-USD,3,0.067815,188928.0719819999,8453952.0,573304.75488,2026-08-24
hyperliquid,CROSS,LDO-USD,5,0.3904,4148139.9291730006,28393603.199999996,11084862.68928,2026-08-24
hyperliquid,CROSS,LINEA-USD,3,0.002462,337472.416798,788302562.0,1940800.9076440001,2026-08-24
hyperliquid,CROSS,LINK-USD,10,11.36946,19780069.589499988,6531446.399999999,74259018.586944,2026-08-24
hyperliquid,CROSS,LISTA-USD,3,0.1247,0.0,0.0,0.0,2026-08-24
hyperliquid,CROSS,LIT-USD,5,3.653,66042296.8045,49022128.0,179077833.584,2026-08-24
hyperliquid,CROSS,LOOM-USD,10,0.071385,0.0,0.0,0.0,2026-08-24
hyperliquid,CROSS,LTC-USD,10,51.645,5556094.495530001,358198.9,18499182.190500002,2026-08-24
hyperliquid,CROSS,MANTA-USD,3,0.05984,63090.870245,3325040.5999999996,198970.42950399997,2026-08-24
hyperliquid,CROSS,MATIC-USD,20,0.3754,0.0,0.0,0.0,2026-08-24
hyperliquid,CROSS,MAV-USD,3,0.015457,0.0,0.0,0.0,2026-08-24
hyperliquid,CROSS,MAVIA-USD,3,0.03725,0.0,0.0,0.0,2026-08-24
hyperliquid,CROSS,ME-USD,3,0.06556,101321.9964100001,2409148.0,157943.74287999998,2026-08-24
hyperliquid,CROSS,MEGA-USD,3,0.041319,1480293.052536,93365094.0,3857752.318986,2026-08-24
hyperliquid,CROSS,MELANIA-USD,3,0.10472,1521919.7621940002,13764646.0,1441433.7291199998,2026-08-24
hyperliquid,CROSS,MEME-USD,3,0.000548,73098.078407,807788438.0,442668.06402399996,2026-08-24
hyperliquid,CROSS,MERL-USD,3,0.018895,123369.731007,17797628.0,336286.18106,2026-08-24
hyperliquid,CROSS,MET-USD,3,0.2377,1980970.7371399999,13380252.0,3180485.9004,2026-08-24
hyperliquid,CROSS,MEW-USD,3,0.000627,0.0,0.0,0.0,2026-08-24
hyperliquid,CROSS,MINA-USD,3,0.05695,273033.306298,15364800.0,875025.36,2026-08-24
hyperliquid,CROSS,MKR-USD,10,1828.8,0.0,0.0,0.0,2026-08-24
hyperliquid,CROSS,MNT-USD,5,0.50363,1692933.6430640004,8115938.2,4087429.9556660005,2026-08-24
hyperliquid,CROSS,MON-USD,5,0.03014,14250283.374120995,1384432018.0,41726781.02252,2026-08-24
hyperliquid,CROSS,MOODENG-USD,3,0.043988,161222.377593,9459772.0,416116.45073599997,2026-08-24
hyperliquid,CROSS,MORPHO-USD,5,2.767,4236789.21202,2428409.8,6719409.916599999,2026-08-24
hyperliquid,CROSS,MOVE-USD,3,0.008136,630075.489333,34565138.0,281221.96276799997,2026-08-24
hyperliquid,CROSS,MYRO-USD,3,0.015815,0.0,0.0,0.0,2026-08-24
hyperliquid,CROSS,NEAR-USD,10,2.03943,60256672.06071999,49320452.400000006,100585610.238132,2026-08-24
hyperliquid,CROSS,NEIROETH-USD,5,0.017705,0.0,0.0,0.0,2026-08-24
hyperliquid,CROSS,NEO-USD,5,2.1477,69722.207064,101331.0,217628.5887,2026-08-24
hyperliquid,CROSS,NFTI-USD,3,2518.4,0.0,0.0,0.0,2026-08-24
hyperliquid,CROSS,NIL-USD,3,0.04262,459520.614102,18747328.0,799011.11936,2026-08-24
hyperliquid,CROSS,NOT-USD,3,0.000421,26429.970772,447871158.0,188553.757518,2026-08-24
hyperliquid,CROSS,NTRN-USD,3,0.12385,0.0,0.0,0.0,2026-08-24
hyperliquid,CROSS,NXPC-USD,3,0.209947,69929.24287,1015886.0,213282.218042,2026-08-24
hyperliquid,CROSS,OGN-USD,3,0.0558,0.0,0.0,0.0,2026-08-24
hyperliquid,CROSS,OM-USD,3,0.06825,0.0,0.0,0.0,2026-08-24
hyperliquid,CROSS,OMNI-USD,3,4.1948,0.0,0.0,0.0,2026-08-24
hyperliquid,CROSS,ONDO-USD,10,0.37,18312760.773739997,62079576.0,22969443.12,2026-08-24
hyperliquid,CROSS,OP-USD,5,0.10956,783231.7040349997,25633482.400000002,2808404.3317440003,2026-08-24
hyperliquid,CROSS,ORBS-USD,3,0.019393,0.0,0.0,0.0,2026-08-24
hyperliquid,CROSS,ORDI-USD,3,4.048,391434.7075370001,115957.62,469396.44576,2026-08-24
hyperliquid,CROSS,OX-USD,3,0.004982,0.0,0.0,0.0,2026-08-24
hyperliquid,CROSS,PANDORA-USD,3,1706.6,0.0,0.0,0.0,2026-08-24
hyperliquid,CROSS,PAXG-USD,10,4614.35,1614817.5042999994,5644.794,26047055.1939,2026-08-24
hyperliquid,CROSS,PENDLE-USD,5,1.814,4213072.0588,3610522.0,6549486.908,2026-08-24
hyperliquid,CROSS,PENGU-USD,5,0.009571,21111706.911965985,1449499028.0,13873155.196988,2026-08-24
hyperliquid,CROSS,PEOPLE-USD,3,0.010321,305875.058486,385626220.0,3980048.21662,2026-08-24
hyperliquid,CROSS,PIXEL-USD,3,0.024025,0.0,0.0,0.0,2026-08-24
hyperliquid,CROSS,PNUT-USD,3,0.05216,474206.245747,20655581.4,1077395.125824,2026-08-24
hyperliquid,CROSS,POL-USD,5,0.1062,1168045.99982,29321934.0,3113989.3908,2026-08-24
hyperliquid,CROSS,POLYX-USD,3,0.035034,99296.472204,2304712.0,80743.28020800001,2026-08-24
hyperliquid,CROSS,POPCAT-USD,3,0.056224,1010526.0320589998,37891506.0,2130412.033344,2026-08-24
hyperliquid,CROSS,PROMPT-USD,3,0.036383,0.0,0.0,0.0,2026-08-24
hyperliquid,CROSS,PROVE-USD,3,0.172968,57369.38062,674474.0,116662.41883200001,2026-08-24
hyperliquid,CROSS,PUMP-USD,10,0.005003,228325595.83340192,37925303916.0,189740295.49174798,2026-08-24
hyperliquid,CROSS,PURR-USD,3,0.155,19534661.76700898,126981836.0,19682184.58,2026-08-24
hyperliquid,CROSS,PYTH-USD,5,0.05076,717361.8823690001,32149202.0,1631893.49352,2026-08-24
hyperliquid,CROSS,RDNT-USD,5,0.018338,0.0,0.0,0.0,2026-08-24
hyperliquid,CROSS,RENDER-USD,5,1.4805,879306.8319500001,827802.6,1225561.7492999998,2026-08-24
hyperliquid,CROSS,REQ-USD,3,0.15423,0.0,0.0,0.0,2026-08-24
hyperliquid,CROSS,RESOLV-USD,3,0.01838,185162.5608479999,21934336.0,403153.09568,2026-08-24
hyperliquid,CROSS,REZ-USD,3,0.003028,142112.660494,183795462.0,556532.658936,2026-08-24
hyperliquid,CROSS,RLB-USD,3,0.071068,0.0,0.0,0.0,2026-08-24
hyperliquid,CROSS,RNDR-USD,20,7.03,0.0,0.0,0.0,2026-08-24
hyperliquid,CROSS,RSR-USD,3,0.001452,85954.342836,286900802.0,416579.964504,2026-08-24
hyperliquid,CROSS,RUNE-USD,5,0.46996,117261.8319950001,1636953.6,769302.713856,2026-08-24
hyperliquid,CROSS,S-USD,5,0.02737,243930.792256,26988896.0,738686.08352,2026-08-24
hyperliquid,CROSS,SAGA-USD,3,0.01489,800759.7345339999,84224426.2,1254101.706118,2026-08-24
hyperliquid,CROSS,SAND-USD,5,0.044725,222677.121072,6915192.0,309281.9622,2026-08-24
hyperliquid,CROSS,SCR-USD,3,0.0466,0.0,0.0,0.0,2026-08-24
hyperliquid,CROSS,SEI-USD,5,0.04682,633277.3794419998,31395096.0,1469918.39472,2026-08-24
hyperliquid,CROSS,SHIA-USD,3,0.000209,0.0,0.0,0.0,2026-08-24
hyperliquid,CROSS,SKR-USD,3,0.007853,330822.267191,30834636.0,242144.396508,2026-08-24
hyperliquid,CROSS,SKY-USD,3,0.06762,1272177.208525,43543208.0,2944391.72496,2026-08-24
hyperliquid,CROSS,SNX-USD,3,0.22475,251812.531138,2028319.4,455864.78515,2026-08-24
hyperliquid,CROSS,SOL-USD,20,94.2495,360490879.2196198,4749409.88,447629506.48506,2026-08-24
hyperliquid,CROSS,SOPH-USD,3,0.003715,55758.137503,28818560.0,107060.9504,2026-08-24
hyperliquid,CROSS,SPX-USD,5,0.4541,2757724.51121,8964445.4,4070754.65614,2026-08-24
hyperliquid,CROSS,STABLE-USD,3,0.029635,234450.925543,40410970.0,1197579.09595,2026-08-24
hyperliquid,CROSS,STBL-USD,3,0.024068,270210.6093010001,73557388.0,1770379.214384,2026-08-24
hyperliquid,CROSS,STG-USD,3,0.15385,0.0,0.0,0.0,2026-08-24
hyperliquid,CROSS,STRAX-USD,10,0.0416,0.0,0.0,0.0,2026-08-24
hyperliquid,CROSS,STRK-USD,5,0.02749,1834929.0627269994,97085054.2,2668868.1399580003,2026-08-24
hyperliquid,CROSS,STX-USD,5,0.22504,2442050.863392001,4063270.6,914398.415824,2026-08-24
hyperliquid,CROSS,SUI-USD,10,0.82844,18603606.692017004,37082113.0,30720305.693719998,2026-08-24
hyperliquid,CROSS,SUPER-USD,3,0.10947,147209.707732,3548952.0,388503.77544,2026-08-24
hyperliquid,CROSS,SUSHI-USD,3,0.2016,208252.837667,1698306.2,342378.52992,2026-08-24
hyperliquid,CROSS,SYRUP-USD,3,0.19935,499501.90933,14301056.0,2850915.5136,2026-08-24
hyperliquid,CROSS,TAO-USD,5,235.172,26841536.522980005,176324.76,41466646.45872,2026-08-24
hyperliquid,CROSS,TIA-USD,5,0.3741,858877.8368820001,4323691.8,1617493.1023799998,2026-08-24
hyperliquid,CROSS,TNSR-USD,3,0.03455,23257.737672,1431938.6,49473.47863,2026-08-24
hyperliquid,CROSS,TON-USD,10,1.8071,0.0,0.0,0.0,2026-08-24
hyperliquid,CROSS,TRB-USD,3,18.62,216179.06655,25566.06,476040.0372000001,2026-08-24
hyperliquid,CROSS,TRUMP-USD,10,2.51193,78343692.36529,9579856.200000001,24063928.184466004,2026-08-24
hyperliquid,CROSS,TRX-USD,10,0.34345,2194262.053449999,66310350.0,22774289.7075,2026-08-24
hyperliquid,CROSS,TST-USD,3,0.01763,0.0,0.0,0.0,2026-08-24
hyperliquid,CROSS,TURBO-USD,3,0.001011,381233.434434,489913494.0,495302.542434,2026-08-24
hyperliquid,CROSS,UMA-USD,3,0.37094,72605.412664,916565.7999999999,339990.917852,2026-08-24
hyperliquid,CROSS,UNI-USD,10,4.4125,24001620.984549996,6648377.4,29335965.2775,2026-08-24
hyperliquid,CROSS,UNIBOT-USD,3,6.053,0.0,0.0,0.0,2026-08-24
hyperliquid,CROSS,USTC-USD,3,0.00765,0.0,0.0,0.0,2026-08-24
hyperliquid,CROSS,USUAL-USD,3,0.01216,314682.656978,46596905.4,566618.369664,2026-08-24
hyperliquid,CROSS,VINE-USD,3,0.007591,72370.343877,38911022.0,295373.568002,2026-08-24
hyperliquid,CROSS,VIRTUAL-USD,5,0.7102,4274485.806627002,14154127.0,10052260.9954,2026-08-24
hyperliquid,CROSS,VVV-USD,3,16.514,10780286.057069993,1651880.1600000001,27279148.962240003,2026-08-24
hyperliquid,CROSS,W-USD,5,0.00947,598921.0200319998,132346079.6,1253317.3738119998,2026-08-24
hyperliquid,CROSS,WCT-USD,3,0.03846,47593.593513,2044544.0,78633.16224,2026-08-24
hyperliquid,CROSS,WIF-USD,5,0.199221,1339337.6556000006,22825714.0,4547361.568794,2026-08-24
hyperliquid,CROSS,WLD-USD,10,0.3946,9040960.253177,76255839.2,30090554.14832,2026-08-24
hyperliquid,CROSS,WLFI-USD,5,0.05765,2930189.495255002,193336954.0,11145875.3981,2026-08-24
hyperliquid,CROSS,XAI-USD,3,0.00759,141760.03244,40954862.800000004,310847.4086520001,2026-08-24
hyperliquid,CROSS,XLM-USD,5,0.19405,3601082.9054300003,69631096.0,13511914.1788,2026-08-24
hyperliquid,CROSS,XMR-USD,5,416.12,21604856.123119988,168770.834,70228919.44408,2026-08-24
hyperliquid,CROSS,XPL-USD,10,0.099779,31953980.42535799,339722036.0,33897125.030044004,2026-08-24
hyperliquid,CROSS,XRP-USD,20,1.474982,341087974.2040004,171634706.0,253158101.92529202,2026-08-24
hyperliquid,CROSS,YGG-USD,3,0.022645,99073.1032949999,6330896.0,143363.13992,2026-08-24
hyperliquid,CROSS,YZY-USD,3,0.30253,0.0,0.0,0.0,2026-08-24
hyperliquid,CROSS,ZEC-USD,10,834.2399,459811180.64869994,624041.7600000001,520600535.4582241,2026-08-24
hyperliquid,CROSS,ZEN-USD,5,5.4465,929655.356635,131335.4,715318.2561,2026-08-24
hyperliquid,CROSS,ZEREBRO-USD,3,0.03076,0.0,0.0,0.0,2026-08-24
hyperliquid,CROSS,ZETA-USD,3,0.03298,131657.760892,24763755.2,816708.646496,2026-08-24
hyperliquid,CROSS,ZK-USD,5,0.00898,172744.2637669999,58334934.0,523847.70732,2026-08-24
hyperliquid,CROSS,ZORA-USD,3,0.00681,848785.514787,344525432.0,2346218.19192,2026-08-24
hyperliquid,CROSS,ZRO-USD,5,1.15396,12315789.840970006,35420076.2,40873351.13175201,2026-08-24
